caller_hash,callee_hash,timestamp,duration
b241e69590243b73294ea1da9bce87f1452ac15c50b59fbf3c91698ab3f7e2f5,7fbbef964c17d50ed5b43cfa2bd8675c4a3ddc2a3950fe32d1395f173b6e685d,2026-08-30T09:00:00Z,180
7fbbef964c17d50ed5b43cfa2bd8675c4a3ddc2a3950fe32d1395f173b6e685d,b241e69590243b73294ea1da9bce87f1452ac15c50b59fbf3c91698ab3f7e2f5,2026-08-31T01:30:00Z,240
b241e69590243b73294ea1da9bce87f1452ac15c50b59fbf3c91698ab3f7e2f5,8963666809dd578c2ae5802f77f2079812ac5e2898bd26f77006bacfc68b1d6a,2026-08-30T17:30:00Z,120
3b107bed1c6ac71d80856e656952a83c8b5583e3c4f3b453df0c29d234693f08,9498ff38125320e825074439f94b75ab53790c8daa5aad105ebac0d34f2c212e,2026-08-30T05:03:59Z,514
cfee4531556fc23e554d508217c12c722036af0deea68f1f7100d32fff96f111,3a489a1f2d50a7145610c51b0f2ba3fb83cb5fe91c12c2961b086df8092a6c88,2026-08-30T04:31:32Z,547
b3e45428dce2593a6b83b43fff29c95eab50acb1cc55b2daeb176a2788b74766,fee0cfa53d5328eeab6e9c98c28a9a57cd4de2a7597f9c83002a5b4141243e7d,2026-08-31T04:50:06Z,168
5561f501d23467b9e6955b39f1be445c0b050c65c9d2dc64742fe9d371f3ceab,58a6e3dc4206df0cba91aa32a701bea7293f9d9e17d386b2f2b0411cc01d9720,2026-08-30T06:30:54Z,222
dd35e063db12ee83e41574ec0d96a0e650341ace34a6c33951a9a571c96e3930,9640ffa8fd3b6c05321013dd64ca4ba4bcd7e82047fb9c0c01f898481d00e72b,2026-08-30T08:23:31Z,277
f2055c8b46b26b9a2e5732e9978e2bc147a79c229c37c88d62397440e84a9adc,5222bb3ec940ad667c5b6286ba827a586041bb986d577e580df048df81c002fe,2026-08-30T04:06:54Z,581
716a50353041fe3e7931d2c7ec68810c83d45d3c42a529d39319d45cd8721518,5f73ad762d52353a3814d8344b8c3c3871dac373b2bd5d1d1021399309c4f409,2026-08-31T22:48:53Z,240
7db41c47095120834f255ed6a9005c4edc4b430ef019eb6f4df2754c2b3d228a,e799c2d47421751052a9b78f7e997150cd304e0b0c07d742b4490116e4802051,2026-08-30T03:04:16Z,234
eebec9b0998a8822dbdf98d57efcfbf13e2008e9a7afd4def57a07fc3a7db792,e8f00016406bb08c12dc8c0e43fc32a1da7071e14c3cea997d3566848d75a7b4,2026-08-30T11:06:51Z,150
ab29fe932a9f2189b8c48828b4965af27e0f4b704a59b256091d92391aa403f1,541b2920d264e79295106f9481dd0b84153d03d56baa980f48caacdedab79cfe,2026-08-30T23:30:59Z,406
614876d3edf5128ba4d3d15fc68c5a62a99dc6e8d5ecebfdb5f15ea2eaf97dae,c331a6b20a84257bab78df7177103605e5f668c2b4e8c00a9c44bc40b5ef93eb,2026-08-31T04:49:18Z,29
7a055fdd3bd61d3427439dba09a185a5bb286f6a7354ca8b9faac95268f96bf7,514d2ff67276c76ac8d5d761b8f652d553d046582e35c06ca92e32f042d20fd7,2026-08-30T21:05:27Z,514
716a50353041fe3e7931d2c7ec68810c83d45d3c42a529d39319d45cd8721518,cf8e4cdc32117c05ae9a7f56eefc46a94eb0db0b2e5cd67fd9a2e41f9eeb0a92,2026-08-31T06:12:53Z,573
111b3f239d51625aee293406aa6afb86b456d53d1e14d80cc74ba885d322a03a,e799c2d47421751052a9b78f7e997150cd304e0b0c07d742b4490116e4802051,2026-08-30T14:34:21Z,46
e4e172eaeda63c2c9e8570d599346aca08ee96cdf2e322654453e0a15a2c30cd,f2055c8b46b26b9a2e5732e9978e2bc147a79c229c37c88d62397440e84a9adc,2026-08-31T18:26:01Z,513
c01a6992a61aa93d4e9d9f42d82df188c91b3e1f2d06f347a56337292c8a85a7,763fd87be48fc3c8c3709f9544d328717bb1ddb9678344ebbda99fadce1b5355,2026-08-30T05:52:15Z,386
7a055fdd3bd61d3427439dba09a185a5bb286f6a7354ca8b9faac95268f96bf7,528f9d1c169746b6a29d77cb1f91df1f22d5e7bcf1e58a917a90e4f6a52df000,2026-08-30T11:57:18Z,416
cdd95be7efebbce1759b91fab7ca6127de9fb4230ad56f5dac8b8b7fff73d9db,3108f70e3438057186993335f56bd6c6d9ffe0a74ee099c8be28fdfc35c97a2c,2026-08-31T15:02:49Z,17
91692116b5a4bef93f0ce15b1c0fc9ceabdf7d6317836432ce60fdb60300aa5e,a84d124abd92dfd79e62cfbc455627dac349b078fdb26f691cbf968372549d77,2026-08-31T21:21:01Z,298
71cb904b7291d0d2e45d4ff2e2770e09787864e217f69784a47441a4403c066e,60343645662c2c85f86cac66661e9d01cc5ad029bcd47b7c444b994305467266,2026-08-31T03:15:20Z,533
e99755126b8fe02eb8684b0457fda5f975195b5929e9f034c715e1ea8947715c,9640ffa8fd3b6c05321013dd64ca4ba4bcd7e82047fb9c0c01f898481d00e72b,2026-08-30T14:40:44Z,272
97368f3c02f48f75894e4de8193414fce44ead3ef4706afdcafa5d91758315d7,33110e1e2edeb3a9f3e629796e97941741f999576247d8073ff1e272bed7fff4,2026-08-30T23:48:56Z,276
07fc1543a0144268c02a1425909a6de96563c05d53b9243010e4c943d0e28120,b4137ecb3d80db814311d6a4053415d0bd71e8b4e4fb32b9f5a39b74d62a8504,2026-08-31T23:21:54Z,302
2774be5a56fcdf5d04f289fcca9eda5f3f2b4026f2ce4b5f2adf3bbac442febb,3d7121e5d2a5cd54446be0380d569da6dbcb6d7fd71e425f23cf8b5727e0efe8,2026-08-31T08:26:36Z,534
50910d451937c8598faa62cd6d80123690e3d3e18a319df65da8c93c6497cef1,a92475f03c5c0e704011c75f83e311cba049d04139c488d187645cbe5836ee42,2026-08-30T14:53:52Z,199
a306962ddc4e800a51d884da9e7e0bd2fa08b534c8773d2cdbf06790da9fa65d,e799c2d47421751052a9b78f7e997150cd304e0b0c07d742b4490116e4802051,2026-08-31T04:12:48Z,119
1b8e2f4669c49257fcbc07db82dff985ebdcea2645c6b93aca03046d5731472a,626a8c724bbe99a359d58cf8b9793fc42a5ea2ccee33814a7d1e2410fe9aefa8,2026-08-30T14:58:12Z,214
eebec9b0998a8822dbdf98d57efcfbf13e2008e9a7afd4def57a07fc3a7db792,5d293bef5865f720e15fe72cf657194b15cc78aa4780739303867f9c2280f8e5,2026-08-30T21:44:38Z,229
a9cb35a4fd627463d2028b97d80463eba8976d54e3f9ecdc40b17877be95bf19,071d0773364cfafd218f4938d448a477fb5fc70a27fe41d917e1c8213472908e,2026-08-30T22:05:26Z,379
d72a31c76cd1ced9b3eaee828a621e1aa961ec6970a66d4b73a005fd72745274,5f73ad762d52353a3814d8344b8c3c3871dac373b2bd5d1d1021399309c4f409,2026-08-31T23:10:24Z,245
5d293bef5865f720e15fe72cf657194b15cc78aa4780739303867f9c2280f8e5,329ca6ac512e95d4428bdcfcc69d43ded1cd914a94127edefb12ad988ce7ef4b,2026-08-30T18:22:27Z,232
7a055fdd3bd61d3427439dba09a185a5bb286f6a7354ca8b9faac95268f96bf7,716a50353041fe3e7931d2c7ec68810c83d45d3c42a529d39319d45cd8721518,2026-08-30T22:33:58Z,22
128a2c7bd4fd5507bb0d446ee5793b54ea77c9ab7beee573ac0798d61385482f,6f69d588e0a357f690fe95f6b229ebae3116d34f1e5fdead5d1157845ba5d384,2026-08-30T13:10:26Z,351
27fb3e04a0e726c98b1040e53908e60b10c50f29d312fb808a051d0da28034e6,3404f57309d8e1f7c2250dc78541765cf40b63416cdb7e032ad5ca046e930e24,2026-08-31T04:17:41Z,345
1c23e30dc22cff7d9aa4539a48dbcbb7caf4fdaf6fa0021e39f2c045be36e658,07fc1543a0144268c02a1425909a6de96563c05d53b9243010e4c943d0e28120,2026-08-31T19:49:21Z,179
b9aa81e06c478c08898599cee4ef2f84fad944b430a6970a238f03f220edbd26,cc6b3763e91ab45f13b630b1f96b0fac36879a3f0509992d02f2d39a5d256429,2026-08-31T10:57:55Z,584
a3f6c75cff3ad8beec20e1a0aa71d3f22deffc01ca147e447f33652b2a71efae,e53081484a5eb1c0f5f73ecf0cd933511de4c4ffc753f057daa54f7c32018d01,2026-08-30T18:05:47Z,89
41e7a957c31f1cfac990f14b9802f83af2b2ddbf12f52ea52b7c072dee84689b,179b29b175854ddd9f2dd460353266387174d375bcf69481556bc9e55562f9f7,2026-08-30T00:01:10Z,41
8f6c3567020fe5158954a16a90fe942b05b979cc3d21185db7682c502a185a2e,06e2f299519cc999898b2f300730199ef511a5aecd416e005ef6eed49149b4b5,2026-08-30T00:48:59Z,290
626a8c724bbe99a359d58cf8b9793fc42a5ea2ccee33814a7d1e2410fe9aefa8,7621de8ca83cbcd279167f556516c491dadb09330607c1f0ad30436e496097d6,2026-08-30T22:05:46Z,465
733e613aa1af193c29f217e1041ea514990da8f1507065bf8b682122676bd98c,a91a9ad7f674f50c12821a23db77ab9fec0f3a5f7846ac3a035639fd74c19c5b,2026-08-31T17:22:06Z,173
8679f0fa29e477d1def3ae9e208876db0be8ecedd590b3ba6c5ce9a1caeb22c7,5f73ad762d52353a3814d8344b8c3c3871dac373b2bd5d1d1021399309c4f409,2026-08-31T02:48:02Z,230
75211b3edf6cbfd2bb503506dc3c73550c9179fda0a8f45f75153f013d13c222,61ff510fc7c8d0f3edfbf2e3d961cccbeb1d1f5266d5d648980b41c13d7a2ab5,2026-08-31T06:48:50Z,391
226d8826c385168e16b0917b76aa9c3f9bd852ee5d6f16791734803b3fff2069,2b74f741f3b9ec86d66a65850a5ee252863e775fdfc25e7467a62827b45f36b8,2026-08-31T06:24:01Z,32
67f8aaafd23c1ac8be42715dbd8dcd8206070aaa4abe91897ec5c55283c6408e,50910d451937c8598faa62cd6d80123690e3d3e18a319df65da8c93c6497cef1,2026-08-30T02:32:53Z,132
4f972994f960f47d30723d1ce7f7ba4b4b54ef39b569eaec30e1bb2d411c90a7,e9024445f21f5d8c0dea88c26cf1d644e07bd5fb795be39b8b55c7ec859cee17,2026-08-30T19:07:51Z,477
329ca6ac512e95d4428bdcfcc69d43ded1cd914a94127edefb12ad988ce7ef4b,d0ce3c85381df18d23eabae9a4e2a2de705ad64e07b750ed3dbc1cfb6aadba42,2026-08-30T14:54:11Z,133
b9aa81e06c478c08898599cee4ef2f84fad944b430a6970a238f03f220edbd26,c331a6b20a84257bab78df7177103605e5f668c2b4e8c00a9c44bc40b5ef93eb,2026-08-30T02:12:40Z,497
994c4489211698bbcf023b39117e68fd91ff40b8de92e6790b5866888fe1e03e,4ee1d1663fe1c8dba22aff6390d16ec929cd2c6dd08c33a43efdf55d10c2ed5b,2026-08-30T08:11:53Z,98
bfc7e0570fc2fd1ef8e941c2837e63172945abb8d7e14746ca0f6e8ccdd960cf,fb508c4e8555e74ffb3890a20561ff7143dfac94aa360aae5d4b2be53a7da02c,2026-08-31T09:08:59Z,580
bdc3ac20257eed8311edda7e668474d29467a33bcdc30a5ac7180a038097af23,527c04e02df3ff3e27eeb14cbb5442e9a0d6cd00c1823792d74d70a748221858,2026-08-31T17:00:47Z,501
e03084bd52a1de59f703c73a314b52bf9f7026848c2545312ce44ccc7b54e5d4,9223f782eeb1eef2af92c9ef48f9e721834d0e8fbfef6fafe4c83c0c15b71264,2026-08-30T11:09:45Z,230
e03084bd52a1de59f703c73a314b52bf9f7026848c2545312ce44ccc7b54e5d4,da46c1b20bb0c378edcaee8832ed4f959a5ebdd74213d9ad63df0f498f6bd2b4,2026-08-31T03:28:59Z,40
ca9fb60d20be57a8aa44f49c9edb466c3cba0cff3de897735d88c52ff4d0dd37,3404f57309d8e1f7c2250dc78541765cf40b63416cdb7e032ad5ca046e930e24,2026-08-31T07:29:34Z,486
3b107bed1c6ac71d80856e656952a83c8b5583e3c4f3b453df0c29d234693f08,994c4489211698bbcf023b39117e68fd91ff40b8de92e6790b5866888fe1e03e,2026-08-30T00:57:58Z,600
615d09c2e16982784eec18d1a485e4dfc8cb3a43bfafca019fdde222c11e4a25,f639adcff8a55ba9d5eae8cb29118e2cf7a99cef509afa19f23e7c9e34413df7,2026-08-31T23:48:46Z,74
e747d03e9c44baba2eb35f2a03b141dc9fb150e979435990e40d4d2588df5cb3,50910d451937c8598faa62cd6d80123690e3d3e18a319df65da8c93c6497cef1,2026-08-30T20:26:56Z,298
0f8c011e3f0544059dbe2826c17ede5deba80e3c137a94288dfb04b168dcdace,7db41c47095120834f255ed6a9005c4edc4b430ef019eb6f4df2754c2b3d228a,2026-08-30T14:45:36Z,283
716a50353041fe3e7931d2c7ec68810c83d45d3c42a529d39319d45cd8721518,cf8e4cdc32117c05ae9a7f56eefc46a94eb0db0b2e5cd67fd9a2e41f9eeb0a92,2026-08-30T19:48:13Z,202
fb508c4e8555e74ffb3890a20561ff7143dfac94aa360aae5d4b2be53a7da02c,28ca498f1861bf52e0b0fb8af9c1c1d88bda98dbfdef764c0e0834aaa4f210e0,2026-08-31T08:37:17Z,11
4489de783f0bdc9c1f46955c8b79e68e5b7268250d1c7cc130a9f14d220b14c8,f639adcff8a55ba9d5eae8cb29118e2cf7a99cef509afa19f23e7c9e34413df7,2026-08-31T17:00:42Z,455
070f49e260bfad8f443dd7b6c77454a5ea3a32ddb069aa900164197386693a9f,8cfb6b888a7f0c057eb5a53552975702d7397eeecd4f696e49a7df9588c2e1f8,2026-08-31T11:34:24Z,247
c2e085ff3106211c72863a7a99360642c5170eadd9a22346a895f4cec806fc92,075c081e2edc77d960c5a77903c03dce2ff4a629cdac09a4bfc5c9be3eb03e12,2026-08-30T03:26:37Z,303
c560197b9883fc6dc7bc02134561f285436b6ef7c206d7b6feace00057691273,e742f7d717510b229a774a833b4b2c40258e2e69aad964973c15e5a973b3de65,2026-08-31T19:32:54Z,386
664899f7580500b65ee3fb2b483121846c0c74a9d8f1124ee5067346bfc951ce,58a6e3dc4206df0cba91aa32a701bea7293f9d9e17d386b2f2b0411cc01d9720,2026-08-31T10:24:16Z,567
406d6a732b582c4975f346fb213c5d688dba50d22ee577bd17cba7ea3d143772,db60cb3d3e926de5e1f1dc5ec39988132f99ed7cfdb2c75b0d98588d668e754a,2026-08-31T23:57:28Z,390
bfc7e0570fc2fd1ef8e941c2837e63172945abb8d7e14746ca0f6e8ccdd960cf,e6951d6c5a3a48fb67ac2286e053646bf0df327033541b173b88a0e682170299,2026-08-31T15:22:38Z,159
1dd27686432c1e2abfc90dd1bd07a714be564682b0b19015c4da9517d8fb08ce,2d895a911f5789f518089b46011e7e6e61c0baf1b0808c4cc511b1f00ac3c55b,2026-08-31T22:33:12Z,365
2f629a39127a6e00c862dfee8033366a17e57c8a3efe74a4b98d68e02917fb8c,994c4489211698bbcf023b39117e68fd91ff40b8de92e6790b5866888fe1e03e,2026-08-31T18:14:59Z,421
db60cb3d3e926de5e1f1dc5ec39988132f99ed7cfdb2c75b0d98588d668e754a,e27215f8478b1d5961a5e2f91bcfe38158ec069c264a9840541ede499ddff6d0,2026-08-31T01:17:58Z,309
3914a31c587f0090d3fa33ffc0e20d8c98208ac7e2a63abf5b0dae856bcaf132,e26e1dc5e2e6d643677fb2630c682cf53779acc7fd5096db87510ecaa28fc078,2026-08-31T12:00:33Z,565
2f629a39127a6e00c862dfee8033366a17e57c8a3efe74a4b98d68e02917fb8c,dc73abbd70e6bdf2430496c0075788d1e3a0785579dbd18e7e606778ebd97d93,2026-08-31T07:26:10Z,98
a6b9b064c298e3a2b3f93834e33675a4415900230ca5a96e1e9963baafbf4749,e1666c1ff291b7c40b69df20c664fa769b46a15bdf7ad72bf1ffd72f63d51649,2026-08-30T10:01:21Z,350
aa44ba1bb9a6b63cc60a0ae6dbcfc2e798000a2af3ce5e5e3d0803a679875a60,1d8716c4dd38df6890b9e1881e03d3ea4f9f5acb6e7823dbdbcca7fd418f2e2f,2026-08-31T23:00:04Z,487
2774be5a56fcdf5d04f289fcca9eda5f3f2b4026f2ce4b5f2adf3bbac442febb,ea65e1e9e85234a2d75d1068dcd45e323543e123130f0600ce591123eafc8600,2026-08-31T15:15:51Z,178
329ca6ac512e95d4428bdcfcc69d43ded1cd914a94127edefb12ad988ce7ef4b,e799c2d47421751052a9b78f7e997150cd304e0b0c07d742b4490116e4802051,2026-08-31T01:00:34Z,528
b9aa81e06c478c08898599cee4ef2f84fad944b430a6970a238f03f220edbd26,dba1521b6091cf64b9de658c2f1eb1ce93fc8d45c84778661bf95cff148582e0,2026-08-31T21:30:56Z,158
f8a59b7cf1ffeefddb4cad82da9fb10563f4d8deb34e9d00533fcc65b639ddc9,9498ff38125320e825074439f94b75ab53790c8daa5aad105ebac0d34f2c212e,2026-08-31T15:20:13Z,173
075c081e2edc77d960c5a77903c03dce2ff4a629cdac09a4bfc5c9be3eb03e12,d0ce3c85381df18d23eabae9a4e2a2de705ad64e07b750ed3dbc1cfb6aadba42,2026-08-31T17:46:30Z,152
e26e1dc5e2e6d643677fb2630c682cf53779acc7fd5096db87510ecaa28fc078,0c464a077072f36c3a1a180c5de7f5080817e7377fbe2dc5b1677c3adebac752,2026-08-30T14:59:12Z,415
acc639aa3e154ebcb8bacfdda9c6cd45fc7fab52b0b141e2e9dcf2f2c3a30288,58a6e3dc4206df0cba91aa32a701bea7293f9d9e17d386b2f2b0411cc01d9720,2026-08-31T06:30:32Z,124
ab29fe932a9f2189b8c48828b4965af27e0f4b704a59b256091d92391aa403f1,3a489a1f2d50a7145610c51b0f2ba3fb83cb5fe91c12c2961b086df8092a6c88,2026-08-30T03:03:24Z,542
774d203000b86f167d2636b3e581ecddd77c2e1843ee17aa0a70e6d8db614c2a,2d79558bb4e3c15673ad08352dde6e8c13ea6fb69dde51ff483f3ccbb7f795c3,2026-08-30T00:17:39Z,270
4a963e06b1fc70d0275420de2b12ed9ca98f83e89daa42cb95678b2dd0d555dd,5561f501d23467b9e6955b39f1be445c0b050c65c9d2dc64742fe9d371f3ceab,2026-08-30T11:59:35Z,242
e01d811a79fc578af3d4139e61bb2d3e543e3069a4328eddce1bac46495508f1,dd7bd4bcfc023cea77828a9d4467d55ac276d5425902f5552381e6e0f98bce8c,2026-08-31T00:23:11Z,510
a5c9577bb5af38d2ff8147936b242dad7800fc3f454896fb7b89c9679241b18b,2e5363d57be11745b6badea9f90e0d46330f696bd5b930c72e77374c42069361,2026-08-31T03:11:04Z,571
4a963e06b1fc70d0275420de2b12ed9ca98f83e89daa42cb95678b2dd0d555dd,da46c1b20bb0c378edcaee8832ed4f959a5ebdd74213d9ad63df0f498f6bd2b4,2026-08-31T14:05:33Z,412
361ac03f9899db5f853e98f211383204a3477b6750123b3aa08990c0bc60193e,2d79558bb4e3c15673ad08352dde6e8c13ea6fb69dde51ff483f3ccbb7f795c3,2026-08-31T01:34:07Z,427
28ca498f1861bf52e0b0fb8af9c1c1d88bda98dbfdef764c0e0834aaa4f210e0,ea65e1e9e85234a2d75d1068dcd45e323543e123130f0600ce591123eafc8600,2026-08-30T07:44:59Z,241
55768ebde66794472f72ffb0e46b19fb191ed283e65f0f937924db158b9f03cc,fee0cfa53d5328eeab6e9c98c28a9a57cd4de2a7597f9c83002a5b4141243e7d,2026-08-31T09:02:02Z,169
6061496b81655335453d7cb834b0c2abbaf8611fc4415969b50985d236ef0a22,62cba2b3558fe5db259bb5840cd24e7515734f8b42d6f0d656cd4e814e601c9b,2026-08-30T13:42:49Z,10
cf9a64034bf82b056285e0b549e1caf83662ca4ab5f274ced8a32dd562615769,2cd185a0e5165c8705eaac57a82ddd0f7ec3fcb92ea51efe8d13d48444b0ec31,2026-08-31T12:44:14Z,120
8db711f1e9c56e3ec7d23fcbbb50874c31595217047cef55c4464670811dea54,e9024445f21f5d8c0dea88c26cf1d644e07bd5fb795be39b8b55c7ec859cee17,2026-08-30T05:15:28Z,323
5222bb3ec940ad667c5b6286ba827a586041bb986d577e580df048df81c002fe,614876d3edf5128ba4d3d15fc68c5a62a99dc6e8d5ecebfdb5f15ea2eaf97dae,2026-08-31T05:34:21Z,320
a555bd5f4da0fa7f434ab161a8964c5a8c7a727c3a05eda72767d5e76a703d7d,e4e172eaeda63c2c9e8570d599346aca08ee96cdf2e322654453e0a15a2c30cd,2026-08-31T15:27:53Z,108
8cfb6b888a7f0c057eb5a53552975702d7397eeecd4f696e49a7df9588c2e1f8,e26e1dc5e2e6d643677fb2630c682cf53779acc7fd5096db87510ecaa28fc078,2026-08-30T13:54:31Z,34
e514f926f417d960da222d7a1c16d5b31d7dfc71fa5140f104670febd095e2c6,3d7121e5d2a5cd54446be0380d569da6dbcb6d7fd71e425f23cf8b5727e0efe8,2026-08-30T21:32:18Z,133
e4e172eaeda63c2c9e8570d599346aca08ee96cdf2e322654453e0a15a2c30cd,13adb9d8e842415d7c92ad9cb74a600c24d35b08605cd2bbf3860bfcdd42db23,2026-08-30T05:11:40Z,78
e1666c1ff291b7c40b69df20c664fa769b46a15bdf7ad72bf1ffd72f63d51649,2774be5a56fcdf5d04f289fcca9eda5f3f2b4026f2ce4b5f2adf3bbac442febb,2026-08-30T08:39:42Z,442
9ba90f668aca95ce3bca5da8ca344e5e8f19a61ad84a6b76b5363cb4bae36980,1d8716c4dd38df6890b9e1881e03d3ea4f9f5acb6e7823dbdbcca7fd418f2e2f,2026-08-31T05:20:44Z,20
cc6a64b393383a4ba1bb601bcf6b3acfae97f5d200518ae28211fdfde0f911f2,a3f6c75cff3ad8beec20e1a0aa71d3f22deffc01ca147e447f33652b2a71efae,2026-08-30T21:51:39Z,361
e99755126b8fe02eb8684b0457fda5f975195b5929e9f034c715e1ea8947715c,db60cb3d3e926de5e1f1dc5ec39988132f99ed7cfdb2c75b0d98588d668e754a,2026-08-30T15:10:43Z,321
bfea41177792521cca94d1ee5637e5b077cf5b0d4a50e5861d4fd514573f7464,8f6c3567020fe5158954a16a90fe942b05b979cc3d21185db7682c502a185a2e,2026-08-31T18:56:23Z,499
c331a6b20a84257bab78df7177103605e5f668c2b4e8c00a9c44bc40b5ef93eb,41e7a957c31f1cfac990f14b9802f83af2b2ddbf12f52ea52b7c072dee84689b,2026-08-31T19:12:19Z,52
eac5c4fa0df8925ed6a6c3b93119a5d12212c8ad8c8089cc8abcb4c68da216f1,cc6b3763e91ab45f13b630b1f96b0fac36879a3f0509992d02f2d39a5d256429,2026-08-30T02:17:42Z,521
541b2920d264e79295106f9481dd0b84153d03d56baa980f48caacdedab79cfe,763fd87be48fc3c8c3709f9544d328717bb1ddb9678344ebbda99fadce1b5355,2026-08-30T02:15:37Z,271
527c04e02df3ff3e27eeb14cbb5442e9a0d6cd00c1823792d74d70a748221858,0e08c8be934134f5e0143d79626cd666ef6ee835dbea0e2139e4453691d41006,2026-08-31T03:56:39Z,561
50910d451937c8598faa62cd6d80123690e3d3e18a319df65da8c93c6497cef1,a4488d9cbf53e318e7cd9beaf8a5512f8b50d81b4edfc6b0affdc8a4b4cbb2ba,2026-08-31T06:46:48Z,369
e1c50c60bd295187ed76df05350c2f8dda62be7db7100c9502d042ecb0647bea,374990eb0fbeabeaa27b11dd595064faf7e817abd85676d2ccb3da4f44acbd11,2026-08-31T11:42:11Z,37
733e613aa1af193c29f217e1041ea514990da8f1507065bf8b682122676bd98c,ca9fb60d20be57a8aa44f49c9edb466c3cba0cff3de897735d88c52ff4d0dd37,2026-08-31T11:29:41Z,98
0e08c8be934134f5e0143d79626cd666ef6ee835dbea0e2139e4453691d41006,e1666c1ff291b7c40b69df20c664fa769b46a15bdf7ad72bf1ffd72f63d51649,2026-08-31T15:35:36Z,104
01d3d1ae9ffe5b587f8d18acb10f48bdc9446b971dba998f10683223125fde60,faf4897f37a82eaf9e8cb074678fdf8a3179b6174545b37131e9854d06b84f6a,2026-08-31T21:58:11Z,106
664899f7580500b65ee3fb2b483121846c0c74a9d8f1124ee5067346bfc951ce,733e613aa1af193c29f217e1041ea514990da8f1507065bf8b682122676bd98c,2026-08-31T00:34:02Z,257
a6b9b064c298e3a2b3f93834e33675a4415900230ca5a96e1e9963baafbf4749,fce13cdb8a85833a333ee4d1021160f2db2b97c0c5a8e7d11c78875fdaee8c50,2026-08-30T02:30:02Z,340
44a2ab369bd48f9dade49e6155f2c1e151bcdc5051f2f956afa1431bb13f8be1,e6951d6c5a3a48fb67ac2286e053646bf0df327033541b173b88a0e682170299,2026-08-31T08:51:19Z,231
41e7a957c31f1cfac990f14b9802f83af2b2ddbf12f52ea52b7c072dee84689b,3b107bed1c6ac71d80856e656952a83c8b5583e3c4f3b453df0c29d234693f08,2026-08-30T06:54:51Z,20
e01d811a79fc578af3d4139e61bb2d3e543e3069a4328eddce1bac46495508f1,1e153199ebee9124b76aeb29141d81316036069970aeaae21b359e771d49fbcd,2026-08-31T19:12:43Z,38
4a963e06b1fc70d0275420de2b12ed9ca98f83e89daa42cb95678b2dd0d555dd,74b278b09e7445e0d793bfc50d90bc456934a28ff41137b470d0b15f24cbc706,2026-08-31T08:21:44Z,80
ab29fe932a9f2189b8c48828b4965af27e0f4b704a59b256091d92391aa403f1,f075856bccab281555b78e7b9aa45224d7fdbb1b65f1be673de9702f53dbdc94,2026-08-31T09:43:39Z,291
cc6a64b393383a4ba1bb601bcf6b3acfae97f5d200518ae28211fdfde0f911f2,7b696387507a0442fa73032f77df22fbfca57d2f62198e30029ec2a03dcc8d57,2026-08-31T04:15:58Z,558
26796abc3ac290807b505dea3353c73ca9adc03dcb3dcd68e74c4d00e5e068f8,bfc7e0570fc2fd1ef8e941c2837e63172945abb8d7e14746ca0f6e8ccdd960cf,2026-08-30T03:32:50Z,269
c470b561344b949646b98c67f87afddd34b5985b84d8505eb64e1296d27ed7e2,b4137ecb3d80db814311d6a4053415d0bd71e8b4e4fb32b9f5a39b74d62a8504,2026-08-31T13:37:39Z,512
994c4489211698bbcf023b39117e68fd91ff40b8de92e6790b5866888fe1e03e,528f9d1c169746b6a29d77cb1f91df1f22d5e7bcf1e58a917a90e4f6a52df000,2026-08-31T08:53:37Z,310
1cb1a3f105243c12f43e49ea3b7f2a77275a1fbbb926af3b761ccc42bf7f8bbb,406d6a732b582c4975f346fb213c5d688dba50d22ee577bd17cba7ea3d143772,2026-08-30T02:53:57Z,307
f8a59b7cf1ffeefddb4cad82da9fb10563f4d8deb34e9d00533fcc65b639ddc9,4075c01d70966dc11bef2096198285422fbbd861d184a28bc57ff6fc7fe81f4a,2026-08-31T07:04:25Z,122
e01d811a79fc578af3d4139e61bb2d3e543e3069a4328eddce1bac46495508f1,b81ed4ffe6a708d799c3f4f207982b64479e2e81b941b8534a79f725fe6ed2e8,2026-08-30T05:35:38Z,213
0163aad1b721e6f0eac7043f23aa95135f7e6264d73cb85f4771d5599f9e75bf,3a1039a2cd5c4b081564377071a122e8f9564962f6ba00fd27656e45042c6349,2026-08-30T18:08:05Z,15
e99755126b8fe02eb8684b0457fda5f975195b5929e9f034c715e1ea8947715c,04a4b90e332aa366ee3ff9d9f986e3770ce54d4b0b50f60b8194bd7533083d47,2026-08-31T23:36:48Z,190
50910d451937c8598faa62cd6d80123690e3d3e18a319df65da8c93c6497cef1,41fb42693e5559e4b7fd8d6cb4b0bbe89b98897c4d2fb30dd85c32276f044277,2026-08-30T03:11:41Z,319
f075856bccab281555b78e7b9aa45224d7fdbb1b65f1be673de9702f53dbdc94,367c904c22b232e98be959f9aa1f1fe766a88044d97e83bb2cb2b458e7c9235d,2026-08-31T00:45:47Z,515
f2055c8b46b26b9a2e5732e9978e2bc147a79c229c37c88d62397440e84a9adc,58c67f8ed21ef88fc36604b9c2852c28cd1a3a82f119db54c094ff2444e5899e,2026-08-31T08:22:46Z,128
a4488d9cbf53e318e7cd9beaf8a5512f8b50d81b4edfc6b0affdc8a4b4cbb2ba,4fbb32d4a24fe104c5dd461ac6280dbd58883363fbc54ce5080ba8175198cb11,2026-08-30T10:08:11Z,145
ceb92794371376cce497c125e1859d5da18956b33da07f06cae159d1cb60eeb6,e1c50c60bd295187ed76df05350c2f8dda62be7db7100c9502d042ecb0647bea,2026-08-31T20:04:11Z,586
716a50353041fe3e7931d2c7ec68810c83d45d3c42a529d39319d45cd8721518,623458811301a7a083ae0d7176fbf402b21877cf81552b4001e222a9f3a990c3,2026-08-31T12:07:41Z,385
2cd185a0e5165c8705eaac57a82ddd0f7ec3fcb92ea51efe8d13d48444b0ec31,cc6a64b393383a4ba1bb601bcf6b3acfae97f5d200518ae28211fdfde0f911f2,2026-08-31T07:18:34Z,31
dd7bd4bcfc023cea77828a9d4467d55ac276d5425902f5552381e6e0f98bce8c,680ae478d9e8f0a61999e67f1223f32e269acc9daf00ee8e31b0c7a99bfae5d4,2026-08-31T02:49:04Z,566
179b29b175854ddd9f2dd460353266387174d375bcf69481556bc9e55562f9f7,b9f0f673df45e56702a2054de2329aefb3b6c6fd3ef2940d6ea1133b7f7baa67,2026-08-31T10:29:26Z,44
2b74f741f3b9ec86d66a65850a5ee252863e775fdfc25e7467a62827b45f36b8,39fc2ded1476bc7aeb30d49ddc847faed054a01822a29d8cfcd965aadea576c3,2026-08-31T16:34:48Z,442
111b3f239d51625aee293406aa6afb86b456d53d1e14d80cc74ba885d322a03a,e03084bd52a1de59f703c73a314b52bf9f7026848c2545312ce44ccc7b54e5d4,2026-08-30T06:21:10Z,279
4e26399f07d5c3403b31e87dd87650d4abc371ed9d6089c9431eb9b401687ff8,e1c50c60bd295187ed76df05350c2f8dda62be7db7100c9502d042ecb0647bea,2026-08-31T02:02:33Z,496
cfee4531556fc23e554d508217c12c722036af0deea68f1f7100d32fff96f111,74b278b09e7445e0d793bfc50d90bc456934a28ff41137b470d0b15f24cbc706,2026-08-30T17:42:41Z,150
b4137ecb3d80db814311d6a4053415d0bd71e8b4e4fb32b9f5a39b74d62a8504,716a50353041fe3e7931d2c7ec68810c83d45d3c42a529d39319d45cd8721518,2026-08-30T11:47:46Z,98
542bb7beec17cd7c80e6c9881ec3337cd1aea378ad6dc96ae9e9de99694a2906,13adb9d8e842415d7c92ad9cb74a600c24d35b08605cd2bbf3860bfcdd42db23,2026-08-30T14:18:35Z,466
1cb1be4b1497c4012d982486d14c4ff0b1955d00181b6d751e220ee7701403a8,3a489a1f2d50a7145610c51b0f2ba3fb83cb5fe91c12c2961b086df8092a6c88,2026-08-31T03:11:02Z,580
7f2aafa15c630696adf2683d461db9bbd05fda0713e55de6b83a58f667d4888f,7db41c47095120834f255ed6a9005c4edc4b430ef019eb6f4df2754c2b3d228a,2026-08-30T04:51:56Z,199
c470b561344b949646b98c67f87afddd34b5985b84d8505eb64e1296d27ed7e2,3b107bed1c6ac71d80856e656952a83c8b5583e3c4f3b453df0c29d234693f08,2026-08-30T08:26:09Z,583
e799c2d47421751052a9b78f7e997150cd304e0b0c07d742b4490116e4802051,e8f00016406bb08c12dc8c0e43fc32a1da7071e14c3cea997d3566848d75a7b4,2026-08-30T14:44:30Z,160
67f8aaafd23c1ac8be42715dbd8dcd8206070aaa4abe91897ec5c55283c6408e,31c0098e266a1dc96abc21f4bd1fa31bf006516ef1520e430ef0b92bba07ae9e,2026-08-31T04:27:02Z,21
db60cb3d3e926de5e1f1dc5ec39988132f99ed7cfdb2c75b0d98588d668e754a,0ca92962e618ad8a2565d59ff2d5a6646f29dacc382693eb5c2de580b1b62e5f,2026-08-31T13:09:04Z,22
a306962ddc4e800a51d884da9e7e0bd2fa08b534c8773d2cdbf06790da9fa65d,680ae478d9e8f0a61999e67f1223f32e269acc9daf00ee8e31b0c7a99bfae5d4,2026-08-30T19:21:40Z,553
906a0bc76e88bfe2444e9d7e957f0bb1d037f9869c84ba6e88b051c6053a31dc,4f972994f960f47d30723d1ce7f7ba4b4b54ef39b569eaec30e1bb2d411c90a7,2026-08-30T09:58:49Z,337
b9aa81e06c478c08898599cee4ef2f84fad944b430a6970a238f03f220edbd26,faf4897f37a82eaf9e8cb074678fdf8a3179b6174545b37131e9854d06b84f6a,2026-08-31T10:58:51Z,228
61ff510fc7c8d0f3edfbf2e3d961cccbeb1d1f5266d5d648980b41c13d7a2ab5,749b8c6b6e329536c169d086aacabc027ba8ca8d5b21588417083626197c27be,2026-08-31T10:34:15Z,499
7db41c47095120834f255ed6a9005c4edc4b430ef019eb6f4df2754c2b3d228a,cdd95be7efebbce1759b91fab7ca6127de9fb4230ad56f5dac8b8b7fff73d9db,2026-08-30T07:12:44Z,186
e99755126b8fe02eb8684b0457fda5f975195b5929e9f034c715e1ea8947715c,e6951d6c5a3a48fb67ac2286e053646bf0df327033541b173b88a0e682170299,2026-08-31T22:07:21Z,564
a47f789aa388687028705b7f2d4547d8000047bb5ec34c7b31f59fa3ab8539a6,bdd2bdbaf183327d7ca5b7121c51db5ae24f436a01a4db832ea4d719bbbe7733,2026-08-30T05:09:50Z,159
71545b7cc76f2b684ffbd6fa39c0b37a3cebb903f1ae21d330405c6a682803ab,1e153199ebee9124b76aeb29141d81316036069970aeaae21b359e771d49fbcd,2026-08-31T13:07:38Z,158
dba1521b6091cf64b9de658c2f1eb1ce93fc8d45c84778661bf95cff148582e0,eebec9b0998a8822dbdf98d57efcfbf13e2008e9a7afd4def57a07fc3a7db792,2026-08-30T04:57:04Z,499
28bce8f903d29d7ffd117da4022d6a8f445c0bb61d25d9b3130bfc6b7f07a0b9,b97863b8c458045fcb570501b4a5f9f4e0129debab5c1098ac6a64dfc33444b1,2026-08-31T17:13:34Z,178
39bfa5d7a53ae5dc5e6fb7a1daa9c8667bbb8e31e055933cae3b960a780e2fc0,a84d124abd92dfd79e62cfbc455627dac349b078fdb26f691cbf968372549d77,2026-08-31T06:06:38Z,380
3cee8dbbae85a1deabbf81ebce14a6aa0a7af01250985f09ec3de2f2bcc4b3b7,367c904c22b232e98be959f9aa1f1fe766a88044d97e83bb2cb2b458e7c9235d,2026-08-30T19:06:44Z,426
0ca92962e618ad8a2565d59ff2d5a6646f29dacc382693eb5c2de580b1b62e5f,ea65e1e9e85234a2d75d1068dcd45e323543e123130f0600ce591123eafc8600,2026-08-31T07:26:52Z,53
21308ebc339ed29ba2719c3421b30cf3d970d86d5452bf72124521884c6e130e,1dd27686432c1e2abfc90dd1bd07a714be564682b0b19015c4da9517d8fb08ce,2026-08-31T04:44:09Z,38
033cb5d2a369636fca13cc266088ef49b139033d26568e95cfc45648b2f00aff,cf8e4cdc32117c05ae9a7f56eefc46a94eb0db0b2e5cd67fd9a2e41f9eeb0a92,2026-08-31T03:12:38Z,410
2774be5a56fcdf5d04f289fcca9eda5f3f2b4026f2ce4b5f2adf3bbac442febb,c1a2661f7ff113cb0271c9f8ba51b6cf211909fde3b6355be005d33986875097,2026-08-30T16:21:49Z,140
7db41c47095120834f255ed6a9005c4edc4b430ef019eb6f4df2754c2b3d228a,41e7a957c31f1cfac990f14b9802f83af2b2ddbf12f52ea52b7c072dee84689b,2026-08-31T13:06:14Z,426
75211b3edf6cbfd2bb503506dc3c73550c9179fda0a8f45f75153f013d13c222,d4d9b138de4939b5a64d664afbd8ffb6be0bb1d9157e5b907b48f4b8b7fb5816,2026-08-31T22:15:51Z,171
5222bb3ec940ad667c5b6286ba827a586041bb986d577e580df048df81c002fe,f8a59b7cf1ffeefddb4cad82da9fb10563f4d8deb34e9d00533fcc65b639ddc9,2026-08-31T13:57:24Z,304
3404f57309d8e1f7c2250dc78541765cf40b63416cdb7e032ad5ca046e930e24,50910d451937c8598faa62cd6d80123690e3d3e18a319df65da8c93c6497cef1,2026-08-30T05:27:55Z,453
f8a59b7cf1ffeefddb4cad82da9fb10563f4d8deb34e9d00533fcc65b639ddc9,3d7121e5d2a5cd54446be0380d569da6dbcb6d7fd71e425f23cf8b5727e0efe8,2026-08-31T06:23:17Z,77
070f49e260bfad8f443dd7b6c77454a5ea3a32ddb069aa900164197386693a9f,01d3d1ae9ffe5b587f8d18acb10f48bdc9446b971dba998f10683223125fde60,2026-08-30T10:35:58Z,50
d427539d777d7e1658638290cb9fab436f06cc47d74eaa6fe686b199b2b20b25,2b74f741f3b9ec86d66a65850a5ee252863e775fdfc25e7467a62827b45f36b8,2026-08-31T04:38:12Z,297
d72a31c76cd1ced9b3eaee828a621e1aa961ec6970a66d4b73a005fd72745274,4489de783f0bdc9c1f46955c8b79e68e5b7268250d1c7cc130a9f14d220b14c8,2026-08-31T00:51:57Z,320
a63f135b6223cee83a6aec5fa5b330aa5bee7f690ed3de3fc0b1541db348bac9,7a677870d8c06defbdf456be024b65848db56b7ac4755a7297e78308315ae636,2026-08-31T20:04:34Z,344
b9aa81e06c478c08898599cee4ef2f84fad944b430a6970a238f03f220edbd26,ec92a3f62ddb9be57763b65d15f9909e8471fbeceb75ee00f71bff38eee7a199,2026-08-31T10:13:04Z,533
3a1039a2cd5c4b081564377071a122e8f9564962f6ba00fd27656e45042c6349,2779749f7710949a4792cc1cccf83ac4506a22e7344db9bff0318b42e6108519,2026-08-31T18:55:49Z,583
aa44ba1bb9a6b63cc60a0ae6dbcfc2e798000a2af3ce5e5e3d0803a679875a60,27a9f6cf3e784af9957031dd7c4ea3328ee97a45e97e32dcc06d0e81de9a6a44,2026-08-31T20:04:10Z,597
c89efbb027c12f4b909983c4355aec7fcd703fe6189044ce7d0594af3eb770d4,fce13cdb8a85833a333ee4d1021160f2db2b97c0c5a8e7d11c78875fdaee8c50,2026-08-31T00:32:42Z,103
62cba2b3558fe5db259bb5840cd24e7515734f8b42d6f0d656cd4e814e601c9b,cc6b3763e91ab45f13b630b1f96b0fac36879a3f0509992d02f2d39a5d256429,2026-08-31T00:56:00Z,555
0418b6bf59aaf6300e9694a040b9ce90c99c0d7ea12dd91359575e72f42b58e3,41e7a957c31f1cfac990f14b9802f83af2b2ddbf12f52ea52b7c072dee84689b,2026-08-31T21:58:28Z,74
e1666c1ff291b7c40b69df20c664fa769b46a15bdf7ad72bf1ffd72f63d51649,060b7ff050c23cec2699264d708ce7f80a94f7fc3e40fab697cb72f0222421a9,2026-08-30T19:31:50Z,287
d4d9b138de4939b5a64d664afbd8ffb6be0bb1d9157e5b907b48f4b8b7fb5816,e53081484a5eb1c0f5f73ecf0cd933511de4c4ffc753f057daa54f7c32018d01,2026-08-31T19:17:07Z,535
f2055c8b46b26b9a2e5732e9978e2bc147a79c229c37c88d62397440e84a9adc,f09defae43936bc24acfcb7f14509d12080824d2ab52b46e006c57e20408aa08,2026-08-30T23:36:17Z,255
7b696387507a0442fa73032f77df22fbfca57d2f62198e30029ec2a03dcc8d57,61ff510fc7c8d0f3edfbf2e3d961cccbeb1d1f5266d5d648980b41c13d7a2ab5,2026-08-31T01:22:40Z,323
033cb5d2a369636fca13cc266088ef49b139033d26568e95cfc45648b2f00aff,a555bd5f4da0fa7f434ab161a8964c5a8c7a727c3a05eda72767d5e76a703d7d,2026-08-31T00:23:37Z,540
eac5c4fa0df8925ed6a6c3b93119a5d12212c8ad8c8089cc8abcb4c68da216f1,3b107bed1c6ac71d80856e656952a83c8b5583e3c4f3b453df0c29d234693f08,2026-08-30T20:16:52Z,280
f8a59b7cf1ffeefddb4cad82da9fb10563f4d8deb34e9d00533fcc65b639ddc9,ef381ec30b82913c60a6c06d3c429ef4f754d856719fe68096ff9c3cff940bfb,2026-08-31T23:59:42Z,202
241f4bcd27c2cbf458ad7db886b03a52f063f0acae2773adeb9c65f1a5cb3050,c8f37c395bad9f7984fa2958e584e0d57d3985a86ed5df2571f601b435eeb661,2026-08-30T10:08:30Z,312
61ff510fc7c8d0f3edfbf2e3d961cccbeb1d1f5266d5d648980b41c13d7a2ab5,e01d811a79fc578af3d4139e61bb2d3e543e3069a4328eddce1bac46495508f1,2026-08-31T02:19:21Z,565
e6951d6c5a3a48fb67ac2286e053646bf0df327033541b173b88a0e682170299,1dd27686432c1e2abfc90dd1bd07a714be564682b0b19015c4da9517d8fb08ce,2026-08-30T14:53:19Z,483
c1f42731b9907abe4e81947ee7799751d8ecf8eca65cdf787ee9db2935d743cc,5cc172e6c14565e6dc2547d26145a1e9fc76c7168557933cca12bdaca3113697,2026-08-30T12:37:39Z,130
4e26399f07d5c3403b31e87dd87650d4abc371ed9d6089c9431eb9b401687ff8,30eee72284276f0a5044a80defca7a33cf9def9620a784c6cb88b0f812477240,2026-08-31T22:30:03Z,262
27fb3e04a0e726c98b1040e53908e60b10c50f29d312fb808a051d0da28034e6,f8a59b7cf1ffeefddb4cad82da9fb10563f4d8deb34e9d00533fcc65b639ddc9,2026-08-31T22:07:33Z,355
f075856bccab281555b78e7b9aa45224d7fdbb1b65f1be673de9702f53dbdc94,329ca6ac512e95d4428bdcfcc69d43ded1cd914a94127edefb12ad988ce7ef4b,2026-08-31T23:08:52Z,518
db60cb3d3e926de5e1f1dc5ec39988132f99ed7cfdb2c75b0d98588d668e754a,faf4897f37a82eaf9e8cb074678fdf8a3179b6174545b37131e9854d06b84f6a,2026-08-31T04:31:03Z,505
c2e085ff3106211c72863a7a99360642c5170eadd9a22346a895f4cec806fc92,6462b2c251ec37a5786c7556a054354f7b7ccc68c7231ead15389dfb39f86d1f,2026-08-31T17:22:27Z,480
7a677870d8c06defbdf456be024b65848db56b7ac4755a7297e78308315ae636,9498ff38125320e825074439f94b75ab53790c8daa5aad105ebac0d34f2c212e,2026-08-30T10:39:22Z,270
c1a2661f7ff113cb0271c9f8ba51b6cf211909fde3b6355be005d33986875097,b97863b8c458045fcb570501b4a5f9f4e0129debab5c1098ac6a64dfc33444b1,2026-08-30T18:23:20Z,137
12030bfb87a972728846acb9e72576256886534bdc90af27da64fc64607c03c5,41fb42693e5559e4b7fd8d6cb4b0bbe89b98897c4d2fb30dd85c32276f044277,2026-08-31T16:05:58Z,412
7621de8ca83cbcd279167f556516c491dadb09330607c1f0ad30436e496097d6,111b3f239d51625aee293406aa6afb86b456d53d1e14d80cc74ba885d322a03a,2026-08-30T13:45:26Z,270
37d5bcc2e10e41308171cc736deaeb1ae3801824fe99d46de6a7dd02427f8d16,8db711f1e9c56e3ec7d23fcbbb50874c31595217047cef55c4464670811dea54,2026-08-31T09:06:52Z,573
c470b561344b949646b98c67f87afddd34b5985b84d8505eb64e1296d27ed7e2,58a6e3dc4206df0cba91aa32a701bea7293f9d9e17d386b2f2b0411cc01d9720,2026-08-30T20:10:37Z,533
5d293bef5865f720e15fe72cf657194b15cc78aa4780739303867f9c2280f8e5,b9f0f673df45e56702a2054de2329aefb3b6c6fd3ef2940d6ea1133b7f7baa67,2026-08-30T14:30:16Z,282
5f73ad762d52353a3814d8344b8c3c3871dac373b2bd5d1d1021399309c4f409,bfea41177792521cca94d1ee5637e5b077cf5b0d4a50e5861d4fd514573f7464,2026-08-31T21:44:15Z,511
a3f6c75cff3ad8beec20e1a0aa71d3f22deffc01ca147e447f33652b2a71efae,179b29b175854ddd9f2dd460353266387174d375bcf69481556bc9e55562f9f7,2026-08-31T10:41:17Z,457
e99755126b8fe02eb8684b0457fda5f975195b5929e9f034c715e1ea8947715c,f09defae43936bc24acfcb7f14509d12080824d2ab52b46e006c57e20408aa08,2026-08-30T08:41:51Z,153
f075856bccab281555b78e7b9aa45224d7fdbb1b65f1be673de9702f53dbdc94,ac4d86152237babe16e522e0f80f243fccc135f73a43438fda309a2c79d06c46,2026-08-31T02:18:41Z,65
e799c2d47421751052a9b78f7e997150cd304e0b0c07d742b4490116e4802051,62bd82e922a8ec6730fed1035ea57162649ffbf5882baf6115b56d0c3c8ff6df,2026-08-30T05:07:03Z,294
179b29b175854ddd9f2dd460353266387174d375bcf69481556bc9e55562f9f7,5561f501d23467b9e6955b39f1be445c0b050c65c9d2dc64742fe9d371f3ceab,2026-08-31T14:58:25Z,284
1e153199ebee9124b76aeb29141d81316036069970aeaae21b359e771d49fbcd,f278eae79a99880355e00f3a7b18d3230b4cf801de627669e85e616cfb853a31,2026-08-30T06:58:57Z,443
27fb3e04a0e726c98b1040e53908e60b10c50f29d312fb808a051d0da28034e6,e799c2d47421751052a9b78f7e997150cd304e0b0c07d742b4490116e4802051,2026-08-31T17:15:22Z,71
906a0bc76e88bfe2444e9d7e957f0bb1d037f9869c84ba6e88b051c6053a31dc,a306962ddc4e800a51d884da9e7e0bd2fa08b534c8773d2cdbf06790da9fa65d,2026-08-31T00:35:01Z,293
41cfb62dc545f52a623ca34ff6274e78e3c806640f9c315637adf5a9f9fca5d1,2dad7dd62b009098dd3015775fa21a10553632e72f58bf7c8d4349688e85edb7,2026-08-30T17:31:32Z,246
361ac03f9899db5f853e98f211383204a3477b6750123b3aa08990c0bc60193e,8f6c3567020fe5158954a16a90fe942b05b979cc3d21185db7682c502a185a2e,2026-08-31T19:57:26Z,594
ea65e1e9e85234a2d75d1068dcd45e323543e123130f0600ce591123eafc8600,71cb904b7291d0d2e45d4ff2e2770e09787864e217f69784a47441a4403c066e,2026-08-31T16:14:24Z,372
d41e30e0593ac284cad2c7c08569fbdad3dd2a63b3ed8a6bdb90b74b9290c16d,fb508c4e8555e74ffb3890a20561ff7143dfac94aa360aae5d4b2be53a7da02c,2026-08-30T11:02:48Z,33
e6951d6c5a3a48fb67ac2286e053646bf0df327033541b173b88a0e682170299,c470b561344b949646b98c67f87afddd34b5985b84d8505eb64e1296d27ed7e2,2026-08-30T23:03:45Z,235
991ad61e050c36e38ee2d725869c32a32440da474d0e54c5f1ed130a6f1ecfe5,9752b374a6dca9438cf640f07ee97b5e9219d13a25c503ca0931f630f408007f,2026-08-31T03:54:32Z,218
cfc82faf09a6dc9b02ed746351fd4a85e0d59c3f2a8388a385cbda411989d9c8,41e7a957c31f1cfac990f14b9802f83af2b2ddbf12f52ea52b7c072dee84689b,2026-08-30T01:16:11Z,174
63e057fde085f12ed5175da4bedf4ca9b785b50614b0d21a48adcd1cd457483f,542bb7beec17cd7c80e6c9881ec3337cd1aea378ad6dc96ae9e9de99694a2906,2026-08-31T20:43:11Z,286
0381be7abc2a2e33ba7ed09549f3d24cf97c4515c755faf466999b9084c0c563,3a1039a2cd5c4b081564377071a122e8f9564962f6ba00fd27656e45042c6349,2026-08-30T09:04:13Z,107
39bfa5d7a53ae5dc5e6fb7a1daa9c8667bbb8e31e055933cae3b960a780e2fc0,62bd82e922a8ec6730fed1035ea57162649ffbf5882baf6115b56d0c3c8ff6df,2026-08-31T05:35:35Z,236
5222bb3ec940ad667c5b6286ba827a586041bb986d577e580df048df81c002fe,1c23e30dc22cff7d9aa4539a48dbcbb7caf4fdaf6fa0021e39f2c045be36e658,2026-08-31T20:23:24Z,179
cf9a64034bf82b056285e0b549e1caf83662ca4ab5f274ced8a32dd562615769,994c4489211698bbcf023b39117e68fd91ff40b8de92e6790b5866888fe1e03e,2026-08-30T16:02:41Z,296
179b29b175854ddd9f2dd460353266387174d375bcf69481556bc9e55562f9f7,7621de8ca83cbcd279167f556516c491dadb09330607c1f0ad30436e496097d6,2026-08-30T17:23:12Z,325
39fc2ded1476bc7aeb30d49ddc847faed054a01822a29d8cfcd965aadea576c3,c1f42731b9907abe4e81947ee7799751d8ecf8eca65cdf787ee9db2935d743cc,2026-08-31T19:40:12Z,405
dd35e063db12ee83e41574ec0d96a0e650341ace34a6c33951a9a571c96e3930,cdd95be7efebbce1759b91fab7ca6127de9fb4230ad56f5dac8b8b7fff73d9db,2026-08-30T16:54:24Z,112
62bd82e922a8ec6730fed1035ea57162649ffbf5882baf6115b56d0c3c8ff6df,acc639aa3e154ebcb8bacfdda9c6cd45fc7fab52b0b141e2e9dcf2f2c3a30288,2026-08-31T05:44:54Z,464
7c3444809193dd8892bd3d5406741e9e223bd5de3febc017ef431a8d712e364f,3108f70e3438057186993335f56bd6c6d9ffe0a74ee099c8be28fdfc35c97a2c,2026-08-31T03:59:47Z,399
bdc3ac20257eed8311edda7e668474d29467a33bcdc30a5ac7180a038097af23,cfc82faf09a6dc9b02ed746351fd4a85e0d59c3f2a8388a385cbda411989d9c8,2026-08-30T19:47:10Z,220
0914bcb9c4e6585bba37c48570774e86f8d87ff884fede75c8d19d9c85ccb3ed,0162aa00917191d22e2948a923eeba8b3127e99535ef6f6cce59372f46292cd2,2026-08-31T11:47:28Z,457
0c464a077072f36c3a1a180c5de7f5080817e7377fbe2dc5b1677c3adebac752,4e26399f07d5c3403b31e87dd87650d4abc371ed9d6089c9431eb9b401687ff8,2026-08-31T14:09:06Z,360
1dd27686432c1e2abfc90dd1bd07a714be564682b0b19015c4da9517d8fb08ce,bdc3ac20257eed8311edda7e668474d29467a33bcdc30a5ac7180a038097af23,2026-08-31T12:20:18Z,529
41e7a957c31f1cfac990f14b9802f83af2b2ddbf12f52ea52b7c072dee84689b,e99755126b8fe02eb8684b0457fda5f975195b5929e9f034c715e1ea8947715c,2026-08-31T08:11:57Z,220
db60cb3d3e926de5e1f1dc5ec39988132f99ed7cfdb2c75b0d98588d668e754a,e9024445f21f5d8c0dea88c26cf1d644e07bd5fb795be39b8b55c7ec859cee17,2026-08-30T05:37:58Z,396
991ad61e050c36e38ee2d725869c32a32440da474d0e54c5f1ed130a6f1ecfe5,cbf710d65baba3fa8d515be70761860ae0362217228a5b27e316882ce252c18d,2026-08-31T05:25:07Z,222
128a2c7bd4fd5507bb0d446ee5793b54ea77c9ab7beee573ac0798d61385482f,f09defae43936bc24acfcb7f14509d12080824d2ab52b46e006c57e20408aa08,2026-08-31T01:43:26Z,424
d2436884e59a142c599c677d7a8e920706502f134261082705708e2c52ff095c,39bfa5d7a53ae5dc5e6fb7a1daa9c8667bbb8e31e055933cae3b960a780e2fc0,2026-08-30T21:09:59Z,246
733e613aa1af193c29f217e1041ea514990da8f1507065bf8b682122676bd98c,f8a59b7cf1ffeefddb4cad82da9fb10563f4d8deb34e9d00533fcc65b639ddc9,2026-08-31T10:12:12Z,34
e01d811a79fc578af3d4139e61bb2d3e543e3069a4328eddce1bac46495508f1,4a963e06b1fc70d0275420de2b12ed9ca98f83e89daa42cb95678b2dd0d555dd,2026-08-31T17:01:08Z,259
75211b3edf6cbfd2bb503506dc3c73550c9179fda0a8f45f75153f013d13c222,cc6a64b393383a4ba1bb601bcf6b3acfae97f5d200518ae28211fdfde0f911f2,2026-08-30T04:42:39Z,473
58c67f8ed21ef88fc36604b9c2852c28cd1a3a82f119db54c094ff2444e5899e,d0ce3c85381df18d23eabae9a4e2a2de705ad64e07b750ed3dbc1cfb6aadba42,2026-08-30T01:35:35Z,408
542bb7beec17cd7c80e6c9881ec3337cd1aea378ad6dc96ae9e9de99694a2906,3d47fa14eca1ad3c6af4a7630628e3e43d0de0e692c02fb9966106fd91f3e1c2,2026-08-31T02:10:46Z,400
bdc3ac20257eed8311edda7e668474d29467a33bcdc30a5ac7180a038097af23,cc6b3763e91ab45f13b630b1f96b0fac36879a3f0509992d02f2d39a5d256429,2026-08-31T07:46:11Z,466
a4a572481d7efb2b2dc685f091aa115e366949d975bbb259a0bff53e0e49dc3d,ef381ec30b82913c60a6c06d3c429ef4f754d856719fe68096ff9c3cff940bfb,2026-08-30T06:30:51Z,457
670edd5a5e8d8b447249d6f40218f1b2405bbaf6ff8cc36c0dddc6f501da28bd,763fd87be48fc3c8c3709f9544d328717bb1ddb9678344ebbda99fadce1b5355,2026-08-30T16:38:34Z,285
c560197b9883fc6dc7bc02134561f285436b6ef7c206d7b6feace00057691273,2c81ff0b42af0ac31a2c1bb6367fe9c71a4db98f91ee9dd8dae0d9952724a68b,2026-08-30T18:55:20Z,500
9640ffa8fd3b6c05321013dd64ca4ba4bcd7e82047fb9c0c01f898481d00e72b,991ad61e050c36e38ee2d725869c32a32440da474d0e54c5f1ed130a6f1ecfe5,2026-08-30T15:57:25Z,539
f8a59b7cf1ffeefddb4cad82da9fb10563f4d8deb34e9d00533fcc65b639ddc9,963a9f6d2ede09f587dc708254327c775a8dbb7ebfa4ee671035859c4dd2b5b9,2026-08-30T14:15:04Z,47
733e613aa1af193c29f217e1041ea514990da8f1507065bf8b682122676bd98c,c560197b9883fc6dc7bc02134561f285436b6ef7c206d7b6feace00057691273,2026-08-30T03:29:37Z,244
63e057fde085f12ed5175da4bedf4ca9b785b50614b0d21a48adcd1cd457483f,dd7bd4bcfc023cea77828a9d4467d55ac276d5425902f5552381e6e0f98bce8c,2026-08-30T11:33:36Z,104
41e7a957c31f1cfac990f14b9802f83af2b2ddbf12f52ea52b7c072dee84689b,cc6a64b393383a4ba1bb601bcf6b3acfae97f5d200518ae28211fdfde0f911f2,2026-08-31T16:15:19Z,61
e1666c1ff291b7c40b69df20c664fa769b46a15bdf7ad72bf1ffd72f63d51649,acc639aa3e154ebcb8bacfdda9c6cd45fc7fab52b0b141e2e9dcf2f2c3a30288,2026-08-31T14:14:52Z,271
2774be5a56fcdf5d04f289fcca9eda5f3f2b4026f2ce4b5f2adf3bbac442febb,3108f70e3438057186993335f56bd6c6d9ffe0a74ee099c8be28fdfc35c97a2c,2026-08-30T21:20:48Z,155
a47f789aa388687028705b7f2d4547d8000047bb5ec34c7b31f59fa3ab8539a6,39fc2ded1476bc7aeb30d49ddc847faed054a01822a29d8cfcd965aadea576c3,2026-08-30T20:16:50Z,200
f2055c8b46b26b9a2e5732e9978e2bc147a79c229c37c88d62397440e84a9adc,2f629a39127a6e00c862dfee8033366a17e57c8a3efe74a4b98d68e02917fb8c,2026-08-30T22:41:23Z,180
5cc172e6c14565e6dc2547d26145a1e9fc76c7168557933cca12bdaca3113697,111b3f239d51625aee293406aa6afb86b456d53d1e14d80cc74ba885d322a03a,2026-08-30T16:52:49Z,104
8f6c3567020fe5158954a16a90fe942b05b979cc3d21185db7682c502a185a2e,5f73ad762d52353a3814d8344b8c3c3871dac373b2bd5d1d1021399309c4f409,2026-08-31T17:41:46Z,190
e53081484a5eb1c0f5f73ecf0cd933511de4c4ffc753f057daa54f7c32018d01,5561f501d23467b9e6955b39f1be445c0b050c65c9d2dc64742fe9d371f3ceab,2026-08-31T10:14:32Z,443
615d09c2e16982784eec18d1a485e4dfc8cb3a43bfafca019fdde222c11e4a25,4fbb32d4a24fe104c5dd461ac6280dbd58883363fbc54ce5080ba8175198cb11,2026-08-30T17:12:10Z,27
9752b374a6dca9438cf640f07ee97b5e9219d13a25c503ca0931f630f408007f,d562e1c1ff197335e78350043605b9c9a724f1ce41a8440aee5444fa9a2c6168,2026-08-30T14:13:39Z,88
111b3f239d51625aee293406aa6afb86b456d53d1e14d80cc74ba885d322a03a,50910d451937c8598faa62cd6d80123690e3d3e18a319df65da8c93c6497cef1,2026-08-30T07:23:30Z,285
815c8294c15a0369f897299acf164eb0c88d156163b6926d34a6c32225270d1d,f278eae79a99880355e00f3a7b18d3230b4cf801de627669e85e616cfb853a31,2026-08-30T13:00:53Z,556
ac4d86152237babe16e522e0f80f243fccc135f73a43438fda309a2c79d06c46,c29f10eeeac39ff9da13cd1771e7013daa37b6f9553618953e642c0193b1105d,2026-08-31T09:40:51Z,576
eebec9b0998a8822dbdf98d57efcfbf13e2008e9a7afd4def57a07fc3a7db792,d427539d777d7e1658638290cb9fab436f06cc47d74eaa6fe686b199b2b20b25,2026-08-30T13:01:43Z,166
64fdc51f368e71395a7448eb988c56d10bd682b76bb1403d56524552df9a8b1a,626a8c724bbe99a359d58cf8b9793fc42a5ea2ccee33814a7d1e2410fe9aefa8,2026-08-30T13:36:10Z,261
cbf710d65baba3fa8d515be70761860ae0362217228a5b27e316882ce252c18d,906a0bc76e88bfe2444e9d7e957f0bb1d037f9869c84ba6e88b051c6053a31dc,2026-08-30T23:42:02Z,185
241f4bcd27c2cbf458ad7db886b03a52f063f0acae2773adeb9c65f1a5cb3050,6462b2c251ec37a5786c7556a054354f7b7ccc68c7231ead15389dfb39f86d1f,2026-08-31T13:22:24Z,31
ab29fe932a9f2189b8c48828b4965af27e0f4b704a59b256091d92391aa403f1,74b278b09e7445e0d793bfc50d90bc456934a28ff41137b470d0b15f24cbc706,2026-08-30T04:08:22Z,413
31c0098e266a1dc96abc21f4bd1fa31bf006516ef1520e430ef0b92bba07ae9e,4fbb32d4a24fe104c5dd461ac6280dbd58883363fbc54ce5080ba8175198cb11,2026-08-30T03:31:13Z,490
b81ed4ffe6a708d799c3f4f207982b64479e2e81b941b8534a79f725fe6ed2e8,62bd82e922a8ec6730fed1035ea57162649ffbf5882baf6115b56d0c3c8ff6df,2026-08-30T09:37:59Z,257
dba1521b6091cf64b9de658c2f1eb1ce93fc8d45c84778661bf95cff148582e0,c1a2661f7ff113cb0271c9f8ba51b6cf211909fde3b6355be005d33986875097,2026-08-31T02:44:16Z,597
f278eae79a99880355e00f3a7b18d3230b4cf801de627669e85e616cfb853a31,2b74f741f3b9ec86d66a65850a5ee252863e775fdfc25e7467a62827b45f36b8,2026-08-31T09:40:16Z,261
664899f7580500b65ee3fb2b483121846c0c74a9d8f1124ee5067346bfc951ce,994c4489211698bbcf023b39117e68fd91ff40b8de92e6790b5866888fe1e03e,2026-08-30T08:00:03Z,264
406d6a732b582c4975f346fb213c5d688dba50d22ee577bd17cba7ea3d143772,55768ebde66794472f72ffb0e46b19fb191ed283e65f0f937924db158b9f03cc,2026-08-31T20:07:42Z,53
111b3f239d51625aee293406aa6afb86b456d53d1e14d80cc74ba885d322a03a,41fb42693e5559e4b7fd8d6cb4b0bbe89b98897c4d2fb30dd85c32276f044277,2026-08-30T09:53:46Z,10
e53081484a5eb1c0f5f73ecf0cd933511de4c4ffc753f057daa54f7c32018d01,1c23e30dc22cff7d9aa4539a48dbcbb7caf4fdaf6fa0021e39f2c045be36e658,2026-08-31T14:30:46Z,511
eac5c4fa0df8925ed6a6c3b93119a5d12212c8ad8c8089cc8abcb4c68da216f1,614876d3edf5128ba4d3d15fc68c5a62a99dc6e8d5ecebfdb5f15ea2eaf97dae,2026-08-31T04:45:51Z,573
cfc82faf09a6dc9b02ed746351fd4a85e0d59c3f2a8388a385cbda411989d9c8,bfc7e0570fc2fd1ef8e941c2837e63172945abb8d7e14746ca0f6e8ccdd960cf,2026-08-31T05:24:39Z,547
e27215f8478b1d5961a5e2f91bcfe38158ec069c264a9840541ede499ddff6d0,d562e1c1ff197335e78350043605b9c9a724f1ce41a8440aee5444fa9a2c6168,2026-08-31T23:08:19Z,542
1f79de33c2108975365a7031a039f6022577be75a0a004d91eefb2973f386493,cbf710d65baba3fa8d515be70761860ae0362217228a5b27e316882ce252c18d,2026-08-31T20:05:32Z,424
ea65e1e9e85234a2d75d1068dcd45e323543e123130f0600ce591123eafc8600,e1666c1ff291b7c40b69df20c664fa769b46a15bdf7ad72bf1ffd72f63d51649,2026-08-31T14:07:04Z,427
4fbb32d4a24fe104c5dd461ac6280dbd58883363fbc54ce5080ba8175198cb11,ab29fe932a9f2189b8c48828b4965af27e0f4b704a59b256091d92391aa403f1,2026-08-31T12:23:20Z,139
9752b374a6dca9438cf640f07ee97b5e9219d13a25c503ca0931f630f408007f,ca9fb60d20be57a8aa44f49c9edb466c3cba0cff3de897735d88c52ff4d0dd37,2026-08-30T15:03:55Z,85
f8a59b7cf1ffeefddb4cad82da9fb10563f4d8deb34e9d00533fcc65b639ddc9,d427539d777d7e1658638290cb9fab436f06cc47d74eaa6fe686b199b2b20b25,2026-08-30T21:43:54Z,128
a6b9b064c298e3a2b3f93834e33675a4415900230ca5a96e1e9963baafbf4749,6c80697a257233c38023ce9e735e10c89e76b5d5fb9e63a1b96a8ac89bc49c67,2026-08-31T06:01:51Z,401
41fb42693e5559e4b7fd8d6cb4b0bbe89b98897c4d2fb30dd85c32276f044277,67f8aaafd23c1ac8be42715dbd8dcd8206070aaa4abe91897ec5c55283c6408e,2026-08-31T03:12:23Z,34
f09defae43936bc24acfcb7f14509d12080824d2ab52b46e006c57e20408aa08,3a1039a2cd5c4b081564377071a122e8f9564962f6ba00fd27656e45042c6349,2026-08-30T14:28:08Z,26
128a2c7bd4fd5507bb0d446ee5793b54ea77c9ab7beee573ac0798d61385482f,39fc2ded1476bc7aeb30d49ddc847faed054a01822a29d8cfcd965aadea576c3,2026-08-31T22:29:26Z,160
2774be5a56fcdf5d04f289fcca9eda5f3f2b4026f2ce4b5f2adf3bbac442febb,b7b24c21128514aa97ef1bd367e3106c0bb05ab8a08d86f1354babd21669850c,2026-08-31T18:59:37Z,153
4489de783f0bdc9c1f46955c8b79e68e5b7268250d1c7cc130a9f14d220b14c8,2cd185a0e5165c8705eaac57a82ddd0f7ec3fcb92ea51efe8d13d48444b0ec31,2026-08-30T21:59:20Z,415
faf4897f37a82eaf9e8cb074678fdf8a3179b6174545b37131e9854d06b84f6a,e9024445f21f5d8c0dea88c26cf1d644e07bd5fb795be39b8b55c7ec859cee17,2026-08-30T01:11:33Z,242
6c80697a257233c38023ce9e735e10c89e76b5d5fb9e63a1b96a8ac89bc49c67,623458811301a7a083ae0d7176fbf402b21877cf81552b4001e222a9f3a990c3,2026-08-30T18:25:01Z,508
cfee4531556fc23e554d508217c12c722036af0deea68f1f7100d32fff96f111,e27215f8478b1d5961a5e2f91bcfe38158ec069c264a9840541ede499ddff6d0,2026-08-31T09:52:30Z,390
0914bcb9c4e6585bba37c48570774e86f8d87ff884fede75c8d19d9c85ccb3ed,27fb3e04a0e726c98b1040e53908e60b10c50f29d312fb808a051d0da28034e6,2026-08-31T09:44:11Z,143
b3e45428dce2593a6b83b43fff29c95eab50acb1cc55b2daeb176a2788b74766,e747d03e9c44baba2eb35f2a03b141dc9fb150e979435990e40d4d2588df5cb3,2026-08-30T03:44:20Z,261
e1c50c60bd295187ed76df05350c2f8dda62be7db7100c9502d042ecb0647bea,3914a31c587f0090d3fa33ffc0e20d8c98208ac7e2a63abf5b0dae856bcaf132,2026-08-31T22:36:18Z,113
c14c122b7d80c0cadc54149e12c9e1f574f2499598653912351b2a668a0aba1d,db60cb3d3e926de5e1f1dc5ec39988132f99ed7cfdb2c75b0d98588d668e754a,2026-08-30T03:52:04Z,368
e27215f8478b1d5961a5e2f91bcfe38158ec069c264a9840541ede499ddff6d0,a4a572481d7efb2b2dc685f091aa115e366949d975bbb259a0bff53e0e49dc3d,2026-08-31T04:08:53Z,453
226d8826c385168e16b0917b76aa9c3f9bd852ee5d6f16791734803b3fff2069,f8a59b7cf1ffeefddb4cad82da9fb10563f4d8deb34e9d00533fcc65b639ddc9,2026-08-30T21:24:17Z,373
58a6e3dc4206df0cba91aa32a701bea7293f9d9e17d386b2f2b0411cc01d9720,28bce8f903d29d7ffd117da4022d6a8f445c0bb61d25d9b3130bfc6b7f07a0b9,2026-08-31T16:10:00Z,498
e799c2d47421751052a9b78f7e997150cd304e0b0c07d742b4490116e4802051,4a963e06b1fc70d0275420de2b12ed9ca98f83e89daa42cb95678b2dd0d555dd,2026-08-31T10:54:47Z,79
1f79de33c2108975365a7031a039f6022577be75a0a004d91eefb2973f386493,4075c01d70966dc11bef2096198285422fbbd861d184a28bc57ff6fc7fe81f4a,2026-08-30T14:05:19Z,327
aa44ba1bb9a6b63cc60a0ae6dbcfc2e798000a2af3ce5e5e3d0803a679875a60,74b278b09e7445e0d793bfc50d90bc456934a28ff41137b470d0b15f24cbc706,2026-08-30T12:05:01Z,21
a4488d9cbf53e318e7cd9beaf8a5512f8b50d81b4edfc6b0affdc8a4b4cbb2ba,3914a31c587f0090d3fa33ffc0e20d8c98208ac7e2a63abf5b0dae856bcaf132,2026-08-31T16:53:37Z,286
0ca92962e618ad8a2565d59ff2d5a6646f29dacc382693eb5c2de580b1b62e5f,716a50353041fe3e7931d2c7ec68810c83d45d3c42a529d39319d45cd8721518,2026-08-31T13:06:04Z,233
060b7ff050c23cec2699264d708ce7f80a94f7fc3e40fab697cb72f0222421a9,5cc172e6c14565e6dc2547d26145a1e9fc76c7168557933cca12bdaca3113697,2026-08-31T03:02:05Z,34
dd35e063db12ee83e41574ec0d96a0e650341ace34a6c33951a9a571c96e3930,a92475f03c5c0e704011c75f83e311cba049d04139c488d187645cbe5836ee42,2026-08-31T00:19:26Z,481
3d47fa14eca1ad3c6af4a7630628e3e43d0de0e692c02fb9966106fd91f3e1c2,ee7e18675c2c64ba9da01d4ead0588b4e15751d9557b30d41a89ac44de6b3db3,2026-08-30T23:46:41Z,301
d427539d777d7e1658638290cb9fab436f06cc47d74eaa6fe686b199b2b20b25,5f73ad762d52353a3814d8344b8c3c3871dac373b2bd5d1d1021399309c4f409,2026-08-31T13:38:47Z,136
a9cb35a4fd627463d2028b97d80463eba8976d54e3f9ecdc40b17877be95bf19,623458811301a7a083ae0d7176fbf402b21877cf81552b4001e222a9f3a990c3,2026-08-31T11:29:59Z,453
514d2ff67276c76ac8d5d761b8f652d553d046582e35c06ca92e32f042d20fd7,28bce8f903d29d7ffd117da4022d6a8f445c0bb61d25d9b3130bfc6b7f07a0b9,2026-08-30T02:37:58Z,571
a91a9ad7f674f50c12821a23db77ab9fec0f3a5f7846ac3a035639fd74c19c5b,655badaedb0392e0426bcfed45623fff014b93f36c2bfbf9bff47b52c5b15140,2026-08-31T17:14:25Z,528
111b3f239d51625aee293406aa6afb86b456d53d1e14d80cc74ba885d322a03a,12030bfb87a972728846acb9e72576256886534bdc90af27da64fc64607c03c5,2026-08-30T11:09:54Z,396
4075c01d70966dc11bef2096198285422fbbd861d184a28bc57ff6fc7fe81f4a,749b8c6b6e329536c169d086aacabc027ba8ca8d5b21588417083626197c27be,2026-08-31T08:01:47Z,283
514d2ff67276c76ac8d5d761b8f652d553d046582e35c06ca92e32f042d20fd7,91692116b5a4bef93f0ce15b1c0fc9ceabdf7d6317836432ce60fdb60300aa5e,2026-08-30T14:17:47Z,105
41e7a957c31f1cfac990f14b9802f83af2b2ddbf12f52ea52b7c072dee84689b,2779749f7710949a4792cc1cccf83ac4506a22e7344db9bff0318b42e6108519,2026-08-30T20:04:48Z,413
361ac03f9899db5f853e98f211383204a3477b6750123b3aa08990c0bc60193e,e799c2d47421751052a9b78f7e997150cd304e0b0c07d742b4490116e4802051,2026-08-30T03:12:17Z,320
4ee1d1663fe1c8dba22aff6390d16ec929cd2c6dd08c33a43efdf55d10c2ed5b,3f24dc89df996ef63c8289393b934feed72d9dbb13a7e4e2180dcd25f0f50391,2026-08-30T09:40:49Z,209
b9f0f673df45e56702a2054de2329aefb3b6c6fd3ef2940d6ea1133b7f7baa67,5d293bef5865f720e15fe72cf657194b15cc78aa4780739303867f9c2280f8e5,2026-08-30T14:06:07Z,437
d0ce3c85381df18d23eabae9a4e2a2de705ad64e07b750ed3dbc1cfb6aadba42,a555bd5f4da0fa7f434ab161a8964c5a8c7a727c3a05eda72767d5e76a703d7d,2026-08-30T11:02:33Z,447
5561f501d23467b9e6955b39f1be445c0b050c65c9d2dc64742fe9d371f3ceab,5d293bef5865f720e15fe72cf657194b15cc78aa4780739303867f9c2280f8e5,2026-08-30T18:34:45Z,225
7621de8ca83cbcd279167f556516c491dadb09330607c1f0ad30436e496097d6,e03084bd52a1de59f703c73a314b52bf9f7026848c2545312ce44ccc7b54e5d4,2026-08-30T11:53:52Z,48
7f2aafa15c630696adf2683d461db9bbd05fda0713e55de6b83a58f667d4888f,a91a9ad7f674f50c12821a23db77ab9fec0f3a5f7846ac3a035639fd74c19c5b,2026-08-31T11:08:47Z,77
361ac03f9899db5f853e98f211383204a3477b6750123b3aa08990c0bc60193e,e27215f8478b1d5961a5e2f91bcfe38158ec069c264a9840541ede499ddff6d0,2026-08-30T12:03:32Z,515
a5c9577bb5af38d2ff8147936b242dad7800fc3f454896fb7b89c9679241b18b,acc639aa3e154ebcb8bacfdda9c6cd45fc7fab52b0b141e2e9dcf2f2c3a30288,2026-08-31T09:28:03Z,360
41e7a957c31f1cfac990f14b9802f83af2b2ddbf12f52ea52b7c072dee84689b,a91a9ad7f674f50c12821a23db77ab9fec0f3a5f7846ac3a035639fd74c19c5b,2026-08-31T03:05:48Z,490
26bcfd2aa62a45e60890296e7920204fd45fec2c9f05e144b2aab10bb457ecec,2d79558bb4e3c15673ad08352dde6e8c13ea6fb69dde51ff483f3ccbb7f795c3,2026-08-31T16:40:25Z,571
329ca6ac512e95d4428bdcfcc69d43ded1cd914a94127edefb12ad988ce7ef4b,528f9d1c169746b6a29d77cb1f91df1f22d5e7bcf1e58a917a90e4f6a52df000,2026-08-31T00:04:24Z,344
680ae478d9e8f0a61999e67f1223f32e269acc9daf00ee8e31b0c7a99bfae5d4,b81ed4ffe6a708d799c3f4f207982b64479e2e81b941b8534a79f725fe6ed2e8,2026-08-31T18:56:47Z,542
27a9f6cf3e784af9957031dd7c4ea3328ee97a45e97e32dcc06d0e81de9a6a44,2b74f741f3b9ec86d66a65850a5ee252863e775fdfc25e7467a62827b45f36b8,2026-08-31T19:14:34Z,261
367c904c22b232e98be959f9aa1f1fe766a88044d97e83bb2cb2b458e7c9235d,e26e1dc5e2e6d643677fb2630c682cf53779acc7fd5096db87510ecaa28fc078,2026-08-30T01:37:06Z,454
0163aad1b721e6f0eac7043f23aa95135f7e6264d73cb85f4771d5599f9e75bf,6462b2c251ec37a5786c7556a054354f7b7ccc68c7231ead15389dfb39f86d1f,2026-08-30T23:53:43Z,531
67f8aaafd23c1ac8be42715dbd8dcd8206070aaa4abe91897ec5c55283c6408e,3404f57309d8e1f7c2250dc78541765cf40b63416cdb7e032ad5ca046e930e24,2026-08-31T05:28:12Z,62
8cfb6b888a7f0c057eb5a53552975702d7397eeecd4f696e49a7df9588c2e1f8,071d0773364cfafd218f4938d448a477fb5fc70a27fe41d917e1c8213472908e,2026-08-30T21:52:12Z,273
179b29b175854ddd9f2dd460353266387174d375bcf69481556bc9e55562f9f7,58a6e3dc4206df0cba91aa32a701bea7293f9d9e17d386b2f2b0411cc01d9720,2026-08-30T10:46:29Z,578
367c904c22b232e98be959f9aa1f1fe766a88044d97e83bb2cb2b458e7c9235d,62bd82e922a8ec6730fed1035ea57162649ffbf5882baf6115b56d0c3c8ff6df,2026-08-30T15:56:37Z,264
d72a31c76cd1ced9b3eaee828a621e1aa961ec6970a66d4b73a005fd72745274,6c80697a257233c38023ce9e735e10c89e76b5d5fb9e63a1b96a8ac89bc49c67,2026-08-30T11:09:35Z,110
cc6a64b393383a4ba1bb601bcf6b3acfae97f5d200518ae28211fdfde0f911f2,cfc82faf09a6dc9b02ed746351fd4a85e0d59c3f2a8388a385cbda411989d9c8,2026-08-31T12:50:03Z,381
3b107bed1c6ac71d80856e656952a83c8b5583e3c4f3b453df0c29d234693f08,1b8e2f4669c49257fcbc07db82dff985ebdcea2645c6b93aca03046d5731472a,2026-08-31T05:06:58Z,439
5d293bef5865f720e15fe72cf657194b15cc78aa4780739303867f9c2280f8e5,4075c01d70966dc11bef2096198285422fbbd861d184a28bc57ff6fc7fe81f4a,2026-08-30T21:46:43Z,93
faf4897f37a82eaf9e8cb074678fdf8a3179b6174545b37131e9854d06b84f6a,406d6a732b582c4975f346fb213c5d688dba50d22ee577bd17cba7ea3d143772,2026-08-31T21:22:10Z,502
e1c50c60bd295187ed76df05350c2f8dda62be7db7100c9502d042ecb0647bea,37d5bcc2e10e41308171cc736deaeb1ae3801824fe99d46de6a7dd02427f8d16,2026-08-30T04:49:45Z,331
37d5bcc2e10e41308171cc736deaeb1ae3801824fe99d46de6a7dd02427f8d16,329ca6ac512e95d4428bdcfcc69d43ded1cd914a94127edefb12ad988ce7ef4b,2026-08-30T04:08:36Z,456
a92475f03c5c0e704011c75f83e311cba049d04139c488d187645cbe5836ee42,e26e1dc5e2e6d643677fb2630c682cf53779acc7fd5096db87510ecaa28fc078,2026-08-31T07:28:10Z,167
b3e45428dce2593a6b83b43fff29c95eab50acb1cc55b2daeb176a2788b74766,0e08c8be934134f5e0143d79626cd666ef6ee835dbea0e2139e4453691d41006,2026-08-30T02:13:40Z,351
3cee8dbbae85a1deabbf81ebce14a6aa0a7af01250985f09ec3de2f2bcc4b3b7,d427539d777d7e1658638290cb9fab436f06cc47d74eaa6fe686b199b2b20b25,2026-08-30T08:36:32Z,325
fb508c4e8555e74ffb3890a20561ff7143dfac94aa360aae5d4b2be53a7da02c,3a1039a2cd5c4b081564377071a122e8f9564962f6ba00fd27656e45042c6349,2026-08-31T11:48:58Z,415
e10363f8958cd2b611c6abe035c04cb016a3c8d51154f65f6932a5c26f9ea68c,cdd95be7efebbce1759b91fab7ca6127de9fb4230ad56f5dac8b8b7fff73d9db,2026-08-31T05:30:51Z,450
075c081e2edc77d960c5a77903c03dce2ff4a629cdac09a4bfc5c9be3eb03e12,fb508c4e8555e74ffb3890a20561ff7143dfac94aa360aae5d4b2be53a7da02c,2026-08-30T20:51:35Z,259
c8f37c395bad9f7984fa2958e584e0d57d3985a86ed5df2571f601b435eeb661,bdd2bdbaf183327d7ca5b7121c51db5ae24f436a01a4db832ea4d719bbbe7733,2026-08-30T12:00:26Z,354
9640ffa8fd3b6c05321013dd64ca4ba4bcd7e82047fb9c0c01f898481d00e72b,f8a59b7cf1ffeefddb4cad82da9fb10563f4d8deb34e9d00533fcc65b639ddc9,2026-08-30T23:49:18Z,395
1cb1a3f105243c12f43e49ea3b7f2a77275a1fbbb926af3b761ccc42bf7f8bbb,01d3d1ae9ffe5b587f8d18acb10f48bdc9446b971dba998f10683223125fde60,2026-08-30T07:19:47Z,94
01d3d1ae9ffe5b587f8d18acb10f48bdc9446b971dba998f10683223125fde60,2cd185a0e5165c8705eaac57a82ddd0f7ec3fcb92ea51efe8d13d48444b0ec31,2026-08-30T00:37:05Z,163
cfc82faf09a6dc9b02ed746351fd4a85e0d59c3f2a8388a385cbda411989d9c8,bfea41177792521cca94d1ee5637e5b077cf5b0d4a50e5861d4fd514573f7464,2026-08-31T11:52:24Z,104
4a963e06b1fc70d0275420de2b12ed9ca98f83e89daa42cb95678b2dd0d555dd,374990eb0fbeabeaa27b11dd595064faf7e817abd85676d2ccb3da4f44acbd11,2026-08-31T23:11:01Z,165
5f73ad762d52353a3814d8344b8c3c3871dac373b2bd5d1d1021399309c4f409,7621de8ca83cbcd279167f556516c491dadb09330607c1f0ad30436e496097d6,2026-08-31T10:18:44Z,191
41dbbf390d15565d4044e78d299c7ad4aa57641d70a6b8447037a2b05e72dee5,31c0098e266a1dc96abc21f4bd1fa31bf006516ef1520e430ef0b92bba07ae9e,2026-08-30T21:13:14Z,385
eac5c4fa0df8925ed6a6c3b93119a5d12212c8ad8c8089cc8abcb4c68da216f1,e01d811a79fc578af3d4139e61bb2d3e543e3069a4328eddce1bac46495508f1,2026-08-31T02:00:51Z,595
e742f7d717510b229a774a833b4b2c40258e2e69aad964973c15e5a973b3de65,e799c2d47421751052a9b78f7e997150cd304e0b0c07d742b4490116e4802051,2026-08-30T12:01:51Z,327
4075c01d70966dc11bef2096198285422fbbd861d184a28bc57ff6fc7fe81f4a,a4488d9cbf53e318e7cd9beaf8a5512f8b50d81b4edfc6b0affdc8a4b4cbb2ba,2026-08-30T02:50:08Z,94
e799c2d47421751052a9b78f7e997150cd304e0b0c07d742b4490116e4802051,41e7a957c31f1cfac990f14b9802f83af2b2ddbf12f52ea52b7c072dee84689b,2026-08-30T00:00:55Z,206
0c464a077072f36c3a1a180c5de7f5080817e7377fbe2dc5b1677c3adebac752,991ad61e050c36e38ee2d725869c32a32440da474d0e54c5f1ed130a6f1ecfe5,2026-08-31T04:27:42Z,512
179b29b175854ddd9f2dd460353266387174d375bcf69481556bc9e55562f9f7,71cb904b7291d0d2e45d4ff2e2770e09787864e217f69784a47441a4403c066e,2026-08-31T19:12:28Z,308
41e7a957c31f1cfac990f14b9802f83af2b2ddbf12f52ea52b7c072dee84689b,a63f135b6223cee83a6aec5fa5b330aa5bee7f690ed3de3fc0b1541db348bac9,2026-08-31T14:18:30Z,83
6f69d588e0a357f690fe95f6b229ebae3116d34f1e5fdead5d1157845ba5d384,c8f37c395bad9f7984fa2958e584e0d57d3985a86ed5df2571f601b435eeb661,2026-08-30T20:42:45Z,151
e03084bd52a1de59f703c73a314b52bf9f7026848c2545312ce44ccc7b54e5d4,d72a31c76cd1ced9b3eaee828a621e1aa961ec6970a66d4b73a005fd72745274,2026-08-31T20:08:23Z,276
9640ffa8fd3b6c05321013dd64ca4ba4bcd7e82047fb9c0c01f898481d00e72b,fee0cfa53d5328eeab6e9c98c28a9a57cd4de2a7597f9c83002a5b4141243e7d,2026-08-31T13:29:35Z,108
3404f57309d8e1f7c2250dc78541765cf40b63416cdb7e032ad5ca046e930e24,c1a2661f7ff113cb0271c9f8ba51b6cf211909fde3b6355be005d33986875097,2026-08-30T16:17:45Z,300
41dbbf390d15565d4044e78d299c7ad4aa57641d70a6b8447037a2b05e72dee5,07fc1543a0144268c02a1425909a6de96563c05d53b9243010e4c943d0e28120,2026-08-31T00:39:37Z,176
62cba2b3558fe5db259bb5840cd24e7515734f8b42d6f0d656cd4e814e601c9b,0e08c8be934134f5e0143d79626cd666ef6ee835dbea0e2139e4453691d41006,2026-08-31T08:57:02Z,377
8cfb6b888a7f0c057eb5a53552975702d7397eeecd4f696e49a7df9588c2e1f8,7a055fdd3bd61d3427439dba09a185a5bb286f6a7354ca8b9faac95268f96bf7,2026-08-30T22:18:40Z,310
26796abc3ac290807b505dea3353c73ca9adc03dcb3dcd68e74c4d00e5e068f8,19655e9e203fc8dd4a2cb9c57c67a2bcb90bd417b22c2e9b970eab144ddae4eb,2026-08-31T05:12:24Z,438
9752b374a6dca9438cf640f07ee97b5e9219d13a25c503ca0931f630f408007f,626a8c724bbe99a359d58cf8b9793fc42a5ea2ccee33814a7d1e2410fe9aefa8,2026-08-30T17:07:16Z,326
71545b7cc76f2b684ffbd6fa39c0b37a3cebb903f1ae21d330405c6a682803ab,2e5363d57be11745b6badea9f90e0d46330f696bd5b930c72e77374c42069361,2026-08-30T15:19:53Z,256
d72a31c76cd1ced9b3eaee828a621e1aa961ec6970a66d4b73a005fd72745274,3108f70e3438057186993335f56bd6c6d9ffe0a74ee099c8be28fdfc35c97a2c,2026-08-30T11:18:09Z,47
acc639aa3e154ebcb8bacfdda9c6cd45fc7fab52b0b141e2e9dcf2f2c3a30288,0ca92962e618ad8a2565d59ff2d5a6646f29dacc382693eb5c2de580b1b62e5f,2026-08-31T18:47:37Z,130
3914a31c587f0090d3fa33ffc0e20d8c98208ac7e2a63abf5b0dae856bcaf132,179b29b175854ddd9f2dd460353266387174d375bcf69481556bc9e55562f9f7,2026-08-31T08:41:21Z,139
3108f70e3438057186993335f56bd6c6d9ffe0a74ee099c8be28fdfc35c97a2c,bfc7e0570fc2fd1ef8e941c2837e63172945abb8d7e14746ca0f6e8ccdd960cf,2026-08-30T05:20:52Z,299
50910d451937c8598faa62cd6d80123690e3d3e18a319df65da8c93c6497cef1,97368f3c02f48f75894e4de8193414fce44ead3ef4706afdcafa5d91758315d7,2026-08-30T23:17:53Z,254
c2e085ff3106211c72863a7a99360642c5170eadd9a22346a895f4cec806fc92,0163aad1b721e6f0eac7043f23aa95135f7e6264d73cb85f4771d5599f9e75bf,2026-08-31T07:42:00Z,429
ac4d86152237babe16e522e0f80f243fccc135f73a43438fda309a2c79d06c46,626a8c724bbe99a359d58cf8b9793fc42a5ea2ccee33814a7d1e2410fe9aefa8,2026-08-31T22:55:02Z,575
a91a9ad7f674f50c12821a23db77ab9fec0f3a5f7846ac3a035639fd74c19c5b,e10363f8958cd2b611c6abe035c04cb016a3c8d51154f65f6932a5c26f9ea68c,2026-08-30T22:01:50Z,224
615d09c2e16982784eec18d1a485e4dfc8cb3a43bfafca019fdde222c11e4a25,0e08c8be934134f5e0143d79626cd666ef6ee835dbea0e2139e4453691d41006,2026-08-31T23:46:54Z,44
c560197b9883fc6dc7bc02134561f285436b6ef7c206d7b6feace00057691273,9640ffa8fd3b6c05321013dd64ca4ba4bcd7e82047fb9c0c01f898481d00e72b,2026-08-31T04:27:24Z,206
3d47fa14eca1ad3c6af4a7630628e3e43d0de0e692c02fb9966106fd91f3e1c2,e03084bd52a1de59f703c73a314b52bf9f7026848c2545312ce44ccc7b54e5d4,2026-08-30T03:33:42Z,42
d41e30e0593ac284cad2c7c08569fbdad3dd2a63b3ed8a6bdb90b74b9290c16d,1cb1a3f105243c12f43e49ea3b7f2a77275a1fbbb926af3b761ccc42bf7f8bbb,2026-08-30T18:21:47Z,408
13adb9d8e842415d7c92ad9cb74a600c24d35b08605cd2bbf3860bfcdd42db23,e26e1dc5e2e6d643677fb2630c682cf53779acc7fd5096db87510ecaa28fc078,2026-08-31T12:14:07Z,484
1cb1be4b1497c4012d982486d14c4ff0b1955d00181b6d751e220ee7701403a8,12030bfb87a972728846acb9e72576256886534bdc90af27da64fc64607c03c5,2026-08-31T04:56:39Z,341
2774be5a56fcdf5d04f289fcca9eda5f3f2b4026f2ce4b5f2adf3bbac442febb,31c0098e266a1dc96abc21f4bd1fa31bf006516ef1520e430ef0b92bba07ae9e,2026-08-30T23:48:17Z,442
1cb1be4b1497c4012d982486d14c4ff0b1955d00181b6d751e220ee7701403a8,f09defae43936bc24acfcb7f14509d12080824d2ab52b46e006c57e20408aa08,2026-08-31T17:15:22Z,198
c01a6992a61aa93d4e9d9f42d82df188c91b3e1f2d06f347a56337292c8a85a7,21308ebc339ed29ba2719c3421b30cf3d970d86d5452bf72124521884c6e130e,2026-08-30T11:57:18Z,266
b3e45428dce2593a6b83b43fff29c95eab50acb1cc55b2daeb176a2788b74766,63e057fde085f12ed5175da4bedf4ca9b785b50614b0d21a48adcd1cd457483f,2026-08-31T11:27:16Z,352
3914a31c587f0090d3fa33ffc0e20d8c98208ac7e2a63abf5b0dae856bcaf132,e799c2d47421751052a9b78f7e997150cd304e0b0c07d742b4490116e4802051,2026-08-30T10:13:09Z,255
28bce8f903d29d7ffd117da4022d6a8f445c0bb61d25d9b3130bfc6b7f07a0b9,a6b9b064c298e3a2b3f93834e33675a4415900230ca5a96e1e9963baafbf4749,2026-08-31T12:04:15Z,294
a4a572481d7efb2b2dc685f091aa115e366949d975bbb259a0bff53e0e49dc3d,5f789fd2c5836252cc417e4829879fb15a3dc5b35c4ee49f7f2be52647303570,2026-08-30T13:08:40Z,437
ca9fb60d20be57a8aa44f49c9edb466c3cba0cff3de897735d88c52ff4d0dd37,50910d451937c8598faa62cd6d80123690e3d3e18a319df65da8c93c6497cef1,2026-08-30T00:40:18Z,379
58c67f8ed21ef88fc36604b9c2852c28cd1a3a82f119db54c094ff2444e5899e,9498ff38125320e825074439f94b75ab53790c8daa5aad105ebac0d34f2c212e,2026-08-31T20:46:26Z,391
0928f1fd5b5c226c90dc8dfdbecaec4df23667879d91b0de73c8a659b3b51c9d,7621de8ca83cbcd279167f556516c491dadb09330607c1f0ad30436e496097d6,2026-08-30T07:36:59Z,504
50910d451937c8598faa62cd6d80123690e3d3e18a319df65da8c93c6497cef1,a555bd5f4da0fa7f434ab161a8964c5a8c7a727c3a05eda72767d5e76a703d7d,2026-08-31T12:29:14Z,216
cdd95be7efebbce1759b91fab7ca6127de9fb4230ad56f5dac8b8b7fff73d9db,3914a31c587f0090d3fa33ffc0e20d8c98208ac7e2a63abf5b0dae856bcaf132,2026-08-31T00:12:47Z,527
d2436884e59a142c599c677d7a8e920706502f134261082705708e2c52ff095c,963a9f6d2ede09f587dc708254327c775a8dbb7ebfa4ee671035859c4dd2b5b9,2026-08-31T04:26:57Z,551
071d0773364cfafd218f4938d448a477fb5fc70a27fe41d917e1c8213472908e,c8f37c395bad9f7984fa2958e584e0d57d3985a86ed5df2571f601b435eeb661,2026-08-31T20:34:50Z,211
39fc2ded1476bc7aeb30d49ddc847faed054a01822a29d8cfcd965aadea576c3,50910d451937c8598faa62cd6d80123690e3d3e18a319df65da8c93c6497cef1,2026-08-30T02:52:15Z,475
d562e1c1ff197335e78350043605b9c9a724f1ce41a8440aee5444fa9a2c6168,0f8c011e3f0544059dbe2826c17ede5deba80e3c137a94288dfb04b168dcdace,2026-08-31T19:02:00Z,570
30eee72284276f0a5044a80defca7a33cf9def9620a784c6cb88b0f812477240,7a677870d8c06defbdf456be024b65848db56b7ac4755a7297e78308315ae636,2026-08-31T09:14:12Z,55
41cfb62dc545f52a623ca34ff6274e78e3c806640f9c315637adf5a9f9fca5d1,97368f3c02f48f75894e4de8193414fce44ead3ef4706afdcafa5d91758315d7,2026-08-30T01:18:16Z,427
e10363f8958cd2b611c6abe035c04cb016a3c8d51154f65f6932a5c26f9ea68c,a84d124abd92dfd79e62cfbc455627dac349b078fdb26f691cbf968372549d77,2026-08-30T04:34:22Z,495
6f69d588e0a357f690fe95f6b229ebae3116d34f1e5fdead5d1157845ba5d384,4e26399f07d5c3403b31e87dd87650d4abc371ed9d6089c9431eb9b401687ff8,2026-08-31T06:22:58Z,484
91692116b5a4bef93f0ce15b1c0fc9ceabdf7d6317836432ce60fdb60300aa5e,a9cb35a4fd627463d2028b97d80463eba8976d54e3f9ecdc40b17877be95bf19,2026-08-31T20:19:42Z,595
e8f00016406bb08c12dc8c0e43fc32a1da7071e14c3cea997d3566848d75a7b4,aa44ba1bb9a6b63cc60a0ae6dbcfc2e798000a2af3ce5e5e3d0803a679875a60,2026-08-30T22:57:02Z,238
2774be5a56fcdf5d04f289fcca9eda5f3f2b4026f2ce4b5f2adf3bbac442febb,7f2aafa15c630696adf2683d461db9bbd05fda0713e55de6b83a58f667d4888f,2026-08-30T21:51:57Z,49
815c8294c15a0369f897299acf164eb0c88d156163b6926d34a6c32225270d1d,f2055c8b46b26b9a2e5732e9978e2bc147a79c229c37c88d62397440e84a9adc,2026-08-31T18:12:09Z,270
da46c1b20bb0c378edcaee8832ed4f959a5ebdd74213d9ad63df0f498f6bd2b4,7f2aafa15c630696adf2683d461db9bbd05fda0713e55de6b83a58f667d4888f,2026-08-30T00:18:43Z,553
f2055c8b46b26b9a2e5732e9978e2bc147a79c229c37c88d62397440e84a9adc,e799c2d47421751052a9b78f7e997150cd304e0b0c07d742b4490116e4802051,2026-08-30T16:09:03Z,470
5222bb3ec940ad667c5b6286ba827a586041bb986d577e580df048df81c002fe,da46c1b20bb0c378edcaee8832ed4f959a5ebdd74213d9ad63df0f498f6bd2b4,2026-08-30T00:09:49Z,450
06e2f299519cc999898b2f300730199ef511a5aecd416e005ef6eed49149b4b5,e747d03e9c44baba2eb35f2a03b141dc9fb150e979435990e40d4d2588df5cb3,2026-08-30T05:32:30Z,290
7a677870d8c06defbdf456be024b65848db56b7ac4755a7297e78308315ae636,e26e1dc5e2e6d643677fb2630c682cf53779acc7fd5096db87510ecaa28fc078,2026-08-31T15:47:53Z,436
e514f926f417d960da222d7a1c16d5b31d7dfc71fa5140f104670febd095e2c6,ab29fe932a9f2189b8c48828b4965af27e0f4b704a59b256091d92391aa403f1,2026-08-31T22:36:17Z,323
241f4bcd27c2cbf458ad7db886b03a52f063f0acae2773adeb9c65f1a5cb3050,f8a59b7cf1ffeefddb4cad82da9fb10563f4d8deb34e9d00533fcc65b639ddc9,2026-08-30T03:43:40Z,518
c1f42731b9907abe4e81947ee7799751d8ecf8eca65cdf787ee9db2935d743cc,cdd95be7efebbce1759b91fab7ca6127de9fb4230ad56f5dac8b8b7fff73d9db,2026-08-31T14:53:28Z,575
e53081484a5eb1c0f5f73ecf0cd933511de4c4ffc753f057daa54f7c32018d01,c29f10eeeac39ff9da13cd1771e7013daa37b6f9553618953e642c0193b1105d,2026-08-30T08:26:15Z,250
aa44ba1bb9a6b63cc60a0ae6dbcfc2e798000a2af3ce5e5e3d0803a679875a60,e99755126b8fe02eb8684b0457fda5f975195b5929e9f034c715e1ea8947715c,2026-08-31T16:49:58Z,346
645cb5ae33ecbf471ebf101aef4c781e2f0b1a50c071ca9ee7ae5ce4e8f430b8,3a489a1f2d50a7145610c51b0f2ba3fb83cb5fe91c12c2961b086df8092a6c88,2026-08-31T23:46:33Z,215
4ee1d1663fe1c8dba22aff6390d16ec929cd2c6dd08c33a43efdf55d10c2ed5b,e01d811a79fc578af3d4139e61bb2d3e543e3069a4328eddce1bac46495508f1,2026-08-31T07:16:30Z,91
4075c01d70966dc11bef2096198285422fbbd861d184a28bc57ff6fc7fe81f4a,75211b3edf6cbfd2bb503506dc3c73550c9179fda0a8f45f75153f013d13c222,2026-08-30T17:53:01Z,501
bdc3ac20257eed8311edda7e668474d29467a33bcdc30a5ac7180a038097af23,a4488d9cbf53e318e7cd9beaf8a5512f8b50d81b4edfc6b0affdc8a4b4cbb2ba,2026-08-30T09:27:26Z,274
991ad61e050c36e38ee2d725869c32a32440da474d0e54c5f1ed130a6f1ecfe5,1cb1be4b1497c4012d982486d14c4ff0b1955d00181b6d751e220ee7701403a8,2026-08-30T21:17:09Z,273
b3e45428dce2593a6b83b43fff29c95eab50acb1cc55b2daeb176a2788b74766,406d6a732b582c4975f346fb213c5d688dba50d22ee577bd17cba7ea3d143772,2026-08-31T07:03:11Z,218
a91a9ad7f674f50c12821a23db77ab9fec0f3a5f7846ac3a035639fd74c19c5b,406d6a732b582c4975f346fb213c5d688dba50d22ee577bd17cba7ea3d143772,2026-08-31T02:19:06Z,109
514d2ff67276c76ac8d5d761b8f652d553d046582e35c06ca92e32f042d20fd7,626a8c724bbe99a359d58cf8b9793fc42a5ea2ccee33814a7d1e2410fe9aefa8,2026-08-30T21:01:41Z,326
cfc82faf09a6dc9b02ed746351fd4a85e0d59c3f2a8388a385cbda411989d9c8,62cba2b3558fe5db259bb5840cd24e7515734f8b42d6f0d656cd4e814e601c9b,2026-08-31T15:57:13Z,80
226d8826c385168e16b0917b76aa9c3f9bd852ee5d6f16791734803b3fff2069,b81ed4ffe6a708d799c3f4f207982b64479e2e81b941b8534a79f725fe6ed2e8,2026-08-30T08:50:34Z,13
3f24dc89df996ef63c8289393b934feed72d9dbb13a7e4e2180dcd25f0f50391,5222bb3ec940ad667c5b6286ba827a586041bb986d577e580df048df81c002fe,2026-08-30T04:48:16Z,286
12030bfb87a972728846acb9e72576256886534bdc90af27da64fc64607c03c5,645cb5ae33ecbf471ebf101aef4c781e2f0b1a50c071ca9ee7ae5ce4e8f430b8,2026-08-30T08:15:19Z,472
0928f1fd5b5c226c90dc8dfdbecaec4df23667879d91b0de73c8a659b3b51c9d,ac4d86152237babe16e522e0f80f243fccc135f73a43438fda309a2c79d06c46,2026-08-31T12:26:33Z,557
e27215f8478b1d5961a5e2f91bcfe38158ec069c264a9840541ede499ddff6d0,7a055fdd3bd61d3427439dba09a185a5bb286f6a7354ca8b9faac95268f96bf7,2026-08-30T08:53:27Z,502
cf8e4cdc32117c05ae9a7f56eefc46a94eb0db0b2e5cd67fd9a2e41f9eeb0a92,41e7a957c31f1cfac990f14b9802f83af2b2ddbf12f52ea52b7c072dee84689b,2026-08-30T20:15:54Z,95
1d8716c4dd38df6890b9e1881e03d3ea4f9f5acb6e7823dbdbcca7fd418f2e2f,cbf710d65baba3fa8d515be70761860ae0362217228a5b27e316882ce252c18d,2026-08-30T06:42:05Z,371
645cb5ae33ecbf471ebf101aef4c781e2f0b1a50c071ca9ee7ae5ce4e8f430b8,e99755126b8fe02eb8684b0457fda5f975195b5929e9f034c715e1ea8947715c,2026-08-30T13:47:03Z,568
9ba90f668aca95ce3bca5da8ca344e5e8f19a61ad84a6b76b5363cb4bae36980,e1666c1ff291b7c40b69df20c664fa769b46a15bdf7ad72bf1ffd72f63d51649,2026-08-30T01:19:38Z,98
e03084bd52a1de59f703c73a314b52bf9f7026848c2545312ce44ccc7b54e5d4,406d6a732b582c4975f346fb213c5d688dba50d22ee577bd17cba7ea3d143772,2026-08-30T10:37:03Z,360
406d6a732b582c4975f346fb213c5d688dba50d22ee577bd17cba7ea3d143772,5cc172e6c14565e6dc2547d26145a1e9fc76c7168557933cca12bdaca3113697,2026-08-31T14:56:37Z,208
7db41c47095120834f255ed6a9005c4edc4b430ef019eb6f4df2754c2b3d228a,aa44ba1bb9a6b63cc60a0ae6dbcfc2e798000a2af3ce5e5e3d0803a679875a60,2026-08-31T21:59:22Z,369
3d7121e5d2a5cd54446be0380d569da6dbcb6d7fd71e425f23cf8b5727e0efe8,9498ff38125320e825074439f94b75ab53790c8daa5aad105ebac0d34f2c212e,2026-08-31T04:20:46Z,452
774d203000b86f167d2636b3e581ecddd77c2e1843ee17aa0a70e6d8db614c2a,9752b374a6dca9438cf640f07ee97b5e9219d13a25c503ca0931f630f408007f,2026-08-31T13:18:47Z,422
cdd95be7efebbce1759b91fab7ca6127de9fb4230ad56f5dac8b8b7fff73d9db,4fbb32d4a24fe104c5dd461ac6280dbd58883363fbc54ce5080ba8175198cb11,2026-08-30T13:50:45Z,505
04a4b90e332aa366ee3ff9d9f986e3770ce54d4b0b50f60b8194bd7533083d47,e10363f8958cd2b611c6abe035c04cb016a3c8d51154f65f6932a5c26f9ea68c,2026-08-30T04:52:17Z,242
6061496b81655335453d7cb834b0c2abbaf8611fc4415969b50985d236ef0a22,1cb1be4b1497c4012d982486d14c4ff0b1955d00181b6d751e220ee7701403a8,2026-08-31T11:59:57Z,580
50910d451937c8598faa62cd6d80123690e3d3e18a319df65da8c93c6497cef1,1c23e30dc22cff7d9aa4539a48dbcbb7caf4fdaf6fa0021e39f2c045be36e658,2026-08-31T04:12:01Z,339
fee0cfa53d5328eeab6e9c98c28a9a57cd4de2a7597f9c83002a5b4141243e7d,d427539d777d7e1658638290cb9fab436f06cc47d74eaa6fe686b199b2b20b25,2026-08-30T14:29:56Z,52
ca9fb60d20be57a8aa44f49c9edb466c3cba0cff3de897735d88c52ff4d0dd37,2774be5a56fcdf5d04f289fcca9eda5f3f2b4026f2ce4b5f2adf3bbac442febb,2026-08-30T13:41:44Z,13
542bb7beec17cd7c80e6c9881ec3337cd1aea378ad6dc96ae9e9de99694a2906,1f79de33c2108975365a7031a039f6022577be75a0a004d91eefb2973f386493,2026-08-30T01:14:48Z,391
4489de783f0bdc9c1f46955c8b79e68e5b7268250d1c7cc130a9f14d220b14c8,0928f1fd5b5c226c90dc8dfdbecaec4df23667879d91b0de73c8a659b3b51c9d,2026-08-31T06:15:29Z,17
374990eb0fbeabeaa27b11dd595064faf7e817abd85676d2ccb3da4f44acbd11,f09defae43936bc24acfcb7f14509d12080824d2ab52b46e006c57e20408aa08,2026-08-31T09:44:58Z,97
31c0098e266a1dc96abc21f4bd1fa31bf006516ef1520e430ef0b92bba07ae9e,d41e30e0593ac284cad2c7c08569fbdad3dd2a63b3ed8a6bdb90b74b9290c16d,2026-08-30T06:59:19Z,543
070f49e260bfad8f443dd7b6c77454a5ea3a32ddb069aa900164197386693a9f,241f4bcd27c2cbf458ad7db886b03a52f063f0acae2773adeb9c65f1a5cb3050,2026-08-30T08:28:58Z,149
0e08c8be934134f5e0143d79626cd666ef6ee835dbea0e2139e4453691d41006,8db711f1e9c56e3ec7d23fcbbb50874c31595217047cef55c4464670811dea54,2026-08-31T16:18:39Z,574
bfc7e0570fc2fd1ef8e941c2837e63172945abb8d7e14746ca0f6e8ccdd960cf,eebec9b0998a8822dbdf98d57efcfbf13e2008e9a7afd4def57a07fc3a7db792,2026-08-31T00:48:33Z,132
ee7e18675c2c64ba9da01d4ead0588b4e15751d9557b30d41a89ac44de6b3db3,0381be7abc2a2e33ba7ed09549f3d24cf97c4515c755faf466999b9084c0c563,2026-08-30T02:21:54Z,334
faf4897f37a82eaf9e8cb074678fdf8a3179b6174545b37131e9854d06b84f6a,44a2ab369bd48f9dade49e6155f2c1e151bcdc5051f2f956afa1431bb13f8be1,2026-08-31T15:06:32Z,445
c14c122b7d80c0cadc54149e12c9e1f574f2499598653912351b2a668a0aba1d,ca9fb60d20be57a8aa44f49c9edb466c3cba0cff3de897735d88c52ff4d0dd37,2026-08-30T07:45:37Z,66
3cee8dbbae85a1deabbf81ebce14a6aa0a7af01250985f09ec3de2f2bcc4b3b7,67f8aaafd23c1ac8be42715dbd8dcd8206070aaa4abe91897ec5c55283c6408e,2026-08-30T09:58:12Z,274
e26e1dc5e2e6d643677fb2630c682cf53779acc7fd5096db87510ecaa28fc078,733e613aa1af193c29f217e1041ea514990da8f1507065bf8b682122676bd98c,2026-08-30T11:08:37Z,297
9498ff38125320e825074439f94b75ab53790c8daa5aad105ebac0d34f2c212e,075c081e2edc77d960c5a77903c03dce2ff4a629cdac09a4bfc5c9be3eb03e12,2026-08-31T06:00:11Z,86
438def5eabfbb68a3b92db643ef7878613bbc2faa66a7a86b4eba14d00bd1745,963a9f6d2ede09f587dc708254327c775a8dbb7ebfa4ee671035859c4dd2b5b9,2026-08-31T02:29:24Z,86
3404f57309d8e1f7c2250dc78541765cf40b63416cdb7e032ad5ca046e930e24,ec92a3f62ddb9be57763b65d15f9909e8471fbeceb75ee00f71bff38eee7a199,2026-08-30T21:49:56Z,426
bdc3ac20257eed8311edda7e668474d29467a33bcdc30a5ac7180a038097af23,716a50353041fe3e7931d2c7ec68810c83d45d3c42a529d39319d45cd8721518,2026-08-30T20:45:51Z,345
13adb9d8e842415d7c92ad9cb74a600c24d35b08605cd2bbf3860bfcdd42db23,58c67f8ed21ef88fc36604b9c2852c28cd1a3a82f119db54c094ff2444e5899e,2026-08-30T06:46:39Z,150
626a8c724bbe99a359d58cf8b9793fc42a5ea2ccee33814a7d1e2410fe9aefa8,680ae478d9e8f0a61999e67f1223f32e269acc9daf00ee8e31b0c7a99bfae5d4,2026-08-31T19:54:08Z,112
dc73abbd70e6bdf2430496c0075788d1e3a0785579dbd18e7e606778ebd97d93,a5c9577bb5af38d2ff8147936b242dad7800fc3f454896fb7b89c9679241b18b,2026-08-30T06:55:44Z,280
241f4bcd27c2cbf458ad7db886b03a52f063f0acae2773adeb9c65f1a5cb3050,97368f3c02f48f75894e4de8193414fce44ead3ef4706afdcafa5d91758315d7,2026-08-30T23:10:43Z,136
f075856bccab281555b78e7b9aa45224d7fdbb1b65f1be673de9702f53dbdc94,2d79558bb4e3c15673ad08352dde6e8c13ea6fb69dde51ff483f3ccbb7f795c3,2026-08-30T15:27:35Z,90
e8f00016406bb08c12dc8c0e43fc32a1da7071e14c3cea997d3566848d75a7b4,06e2f299519cc999898b2f300730199ef511a5aecd416e005ef6eed49149b4b5,2026-08-30T20:08:06Z,328
d41e30e0593ac284cad2c7c08569fbdad3dd2a63b3ed8a6bdb90b74b9290c16d,eebec9b0998a8822dbdf98d57efcfbf13e2008e9a7afd4def57a07fc3a7db792,2026-08-31T16:03:53Z,564
2c81ff0b42af0ac31a2c1bb6367fe9c71a4db98f91ee9dd8dae0d9952724a68b,a47f789aa388687028705b7f2d4547d8000047bb5ec34c7b31f59fa3ab8539a6,2026-08-30T05:48:03Z,572
4a963e06b1fc70d0275420de2b12ed9ca98f83e89daa42cb95678b2dd0d555dd,2d79558bb4e3c15673ad08352dde6e8c13ea6fb69dde51ff483f3ccbb7f795c3,2026-08-31T15:45:47Z,314
a4a572481d7efb2b2dc685f091aa115e366949d975bbb259a0bff53e0e49dc3d,e6951d6c5a3a48fb67ac2286e053646bf0df327033541b173b88a0e682170299,2026-08-31T23:54:24Z,314
a4488d9cbf53e318e7cd9beaf8a5512f8b50d81b4edfc6b0affdc8a4b4cbb2ba,615d09c2e16982784eec18d1a485e4dfc8cb3a43bfafca019fdde222c11e4a25,2026-08-31T05:23:34Z,51
44a2ab369bd48f9dade49e6155f2c1e151bcdc5051f2f956afa1431bb13f8be1,b9aa81e06c478c08898599cee4ef2f84fad944b430a6970a238f03f220edbd26,2026-08-31T06:35:45Z,105
1cb1be4b1497c4012d982486d14c4ff0b1955d00181b6d751e220ee7701403a8,97368f3c02f48f75894e4de8193414fce44ead3ef4706afdcafa5d91758315d7,2026-08-30T19:35:29Z,63
c89efbb027c12f4b909983c4355aec7fcd703fe6189044ce7d0594af3eb770d4,111b3f239d51625aee293406aa6afb86b456d53d1e14d80cc74ba885d322a03a,2026-08-30T06:52:04Z,14
179b29b175854ddd9f2dd460353266387174d375bcf69481556bc9e55562f9f7,cf9a64034bf82b056285e0b549e1caf83662ca4ab5f274ced8a32dd562615769,2026-08-31T10:43:56Z,53
fce13cdb8a85833a333ee4d1021160f2db2b97c0c5a8e7d11c78875fdaee8c50,0381be7abc2a2e33ba7ed09549f3d24cf97c4515c755faf466999b9084c0c563,2026-08-31T02:17:47Z,425
cfc82faf09a6dc9b02ed746351fd4a85e0d59c3f2a8388a385cbda411989d9c8,179b29b175854ddd9f2dd460353266387174d375bcf69481556bc9e55562f9f7,2026-08-30T19:14:40Z,172
071d0773364cfafd218f4938d448a477fb5fc70a27fe41d917e1c8213472908e,3cee8dbbae85a1deabbf81ebce14a6aa0a7af01250985f09ec3de2f2bcc4b3b7,2026-08-31T16:51:52Z,263
acc639aa3e154ebcb8bacfdda9c6cd45fc7fab52b0b141e2e9dcf2f2c3a30288,97368f3c02f48f75894e4de8193414fce44ead3ef4706afdcafa5d91758315d7,2026-08-30T12:15:39Z,199
4489de783f0bdc9c1f46955c8b79e68e5b7268250d1c7cc130a9f14d220b14c8,b9aa81e06c478c08898599cee4ef2f84fad944b430a6970a238f03f220edbd26,2026-08-31T17:26:03Z,116
060b7ff050c23cec2699264d708ce7f80a94f7fc3e40fab697cb72f0222421a9,0381be7abc2a2e33ba7ed09549f3d24cf97c4515c755faf466999b9084c0c563,2026-08-30T01:13:35Z,491
128a2c7bd4fd5507bb0d446ee5793b54ea77c9ab7beee573ac0798d61385482f,a91a9ad7f674f50c12821a23db77ab9fec0f3a5f7846ac3a035639fd74c19c5b,2026-08-30T09:13:23Z,183
2d895a911f5789f518089b46011e7e6e61c0baf1b0808c4cc511b1f00ac3c55b,e747d03e9c44baba2eb35f2a03b141dc9fb150e979435990e40d4d2588df5cb3,2026-08-31T13:06:50Z,254
2f629a39127a6e00c862dfee8033366a17e57c8a3efe74a4b98d68e02917fb8c,c01a6992a61aa93d4e9d9f42d82df188c91b3e1f2d06f347a56337292c8a85a7,2026-08-31T14:04:54Z,289
2d79558bb4e3c15673ad08352dde6e8c13ea6fb69dde51ff483f3ccbb7f795c3,2cd185a0e5165c8705eaac57a82ddd0f7ec3fcb92ea51efe8d13d48444b0ec31,2026-08-30T13:39:25Z,514
5561f501d23467b9e6955b39f1be445c0b050c65c9d2dc64742fe9d371f3ceab,fb508c4e8555e74ffb3890a20561ff7143dfac94aa360aae5d4b2be53a7da02c,2026-08-30T04:19:23Z,450
cdd95be7efebbce1759b91fab7ca6127de9fb4230ad56f5dac8b8b7fff73d9db,c8f37c395bad9f7984fa2958e584e0d57d3985a86ed5df2571f601b435eeb661,2026-08-31T04:17:07Z,207
a555bd5f4da0fa7f434ab161a8964c5a8c7a727c3a05eda72767d5e76a703d7d,963a9f6d2ede09f587dc708254327c775a8dbb7ebfa4ee671035859c4dd2b5b9,2026-08-30T21:18:51Z,362
31c0098e266a1dc96abc21f4bd1fa31bf006516ef1520e430ef0b92bba07ae9e,a92475f03c5c0e704011c75f83e311cba049d04139c488d187645cbe5836ee42,2026-08-31T19:01:06Z,431
